/*
File name: P:\atDB\db\shotgundb_PG.sql
Creation date: 11/10/2017
Created by MySQL to PostgreSQL 3.3 
--------------------------------------------------
More conversion tools at http://www.convert-in.com
*/

/*
Table structure for table 'public.block_note'
*/

DROP TABLE IF EXISTS "public"."block_note" CASCADE;
CREATE TABLE "public"."block_note" (
	"block_id" INTEGER,
	"note_id" INTEGER
) WITH OIDS;
DROP INDEX IF EXISTS "block_id";
CREATE INDEX "block_id" ON "public"."block_note"("block_id");
DROP INDEX IF EXISTS "note_id";
CREATE INDEX "note_id" ON "public"."block_note"("note_id");

/*
Dumping data for table 'public.block_note'
*/

COPY "public"."block_note"("block_id","note_id") FROM stdin;
76	21
78	24
79	29
75	49
74	50
75	51
92	55
92	56
116	72
0	77
118	84
\.

/*
Table structure for table 'public.blocks'
*/

DROP TABLE IF EXISTS "public"."blocks" CASCADE;
CREATE TABLE "public"."blocks" (
	"id" SERIAL NOT NULL,
	"slice_id" INTEGER NOT NULL,
	"entered_on" TIMESTAMP DEFAULT CURRENT_TIMESTAMP NOT NULL,
	"status" SMALLINT DEFAULT 0 NOT NULL,
	"entered_by" INTEGER NOT NULL,
	"label" VARCHAR(255)  DEFAULT 'XXXXXX',
	"serial" INTEGER NOT NULL,
	"date_embedded" DATE,
	"cryoprotection_protocol" SMALLINT DEFAULT 0,
	"freezing_protocol" SMALLINT DEFAULT 0,
	"substitution_protocol" SMALLINT DEFAULT 0,
	"infiltration_protocol" SMALLINT DEFAULT 0,
	"embedding_protocol" SMALLINT DEFAULT 0
) WITH OIDS;
DROP INDEX IF EXISTS "PRIMARY";
ALTER TABLE "public"."blocks" ADD CONSTRAINT "PRIMARY" PRIMARY KEY("id");
DROP INDEX IF EXISTS "status";
CREATE INDEX "status" ON "public"."blocks"("status");
DROP INDEX IF EXISTS "cryoprotection_protocol";
CREATE INDEX "cryoprotection_protocol" ON "public"."blocks"("cryoprotection_protocol");
DROP INDEX IF EXISTS "embedding_protocol";
CREATE INDEX "embedding_protocol" ON "public"."blocks"("embedding_protocol");
DROP INDEX IF EXISTS "freezing_protocol";
CREATE INDEX "freezing_protocol" ON "public"."blocks"("freezing_protocol");
DROP INDEX IF EXISTS "infiltration_protocol";
CREATE INDEX "infiltration_protocol" ON "public"."blocks"("infiltration_protocol");
DROP INDEX IF EXISTS "substitution_protocol";
CREATE INDEX "substitution_protocol" ON "public"."blocks"("substitution_protocol");
DROP INDEX IF EXISTS "block_ibfk_1";
CREATE INDEX "block_ibfk_1" ON "public"."blocks"("entered_by");
DROP INDEX IF EXISTS "process_id";
CREATE INDEX "process_id" ON "public"."blocks"("slice_id");

/*
Dumping data for table 'public.blocks'
*/

COPY "public"."blocks"("id","slice_id","entered_on","status","entered_by","label","serial","date_embedded","cryoprotection_protocol","freezing_protocol","substitution_protocol","infiltration_protocol","embedding_protocol") FROM stdin;
0	0	2017-10-19 15:21:27	1	27	MNONE-2	1	\N	0	0	0	0	0
74	922	2017-04-04 13:29:57	0	27	HSH17.03.006-1	1	\N	0	0	0	0	0
75	922	2017-04-04 13:30:08	0	27	HSH17.03.006-2	2	\N	0	0	0	0	0
76	923	2017-04-17 09:53:57	3	43	HSH17.03.003-1	1	\N	0	5	1	2	5
77	923	2017-04-18 13:25:35	3	43	HSH17.03.003-2	2	\N	0	5	3	2	5
78	923	2017-04-20 09:08:52	3	30	HSH17.03.003-3	3	\N	0	5	3	2	5
79	923	2017-05-09 10:34:44	3	43	HSH17.03.003-4	4	\N	0	5	3	2	5
80	926	2017-06-26 12:11:35	0	42	HSH17.03.008-1	1	2017-06-19	0	1	0	3	8
81	926	2017-06-26 12:12:51	0	42	HSH17.03.008-2	2	2017-06-19	0	1	0	3	8
82	926	2017-06-26 12:13:11	0	42	HSH17.03.008-3	3	2017-06-19	0	1	0	3	8
83	926	2017-06-26 12:13:40	0	42	HSH17.03.008-4	4	2017-06-19	0	1	0	3	8
84	926	2017-06-26 12:14:10	0	42	HSH17.03.008-5	5	2017-06-19	0	1	0	3	8
85	926	2017-06-26 12:43:05	0	42	HSH17.03.008-6	6	2017-06-19	0	1	0	3	8
86	926	2017-06-26 12:43:32	0	42	HSH17.03.008-7	7	2017-06-19	0	1	0	3	8
87	926	2017-06-26 12:43:53	0	42	HSH17.03.008-8	8	2017-06-19	0	1	0	3	8
91	934	2017-07-28	0	27	HXXXX-XX-3	1	2017-07-28	0	0	0	0	1
92	934	2017-07-28	0	27	HXXXX-XX-2	2	2017-07-28	0	0	0	0	0
93	936	2017-07-28	0	27	HXXXX-XX-1	1	2017-07-28	0	0	0	0	0
96	936	2017-07-28	4	27	HXXXX-XX-2	2	2017-07-28	0	0	0	0	0
97	937	2017-07-31	1	43	HH17.03.003-2	1	2017-03-28	0	5	3	2	5
98	938	2017-08-01	0	27	HXXXX-XX-1	1	2017-08-01	0	0	0	0	0
99	938	2017-08-01	0	27	HXXXX-XX-2	2	2017-08-01	0	0	0	0	0
100	938	2017-08-01	0	27	HXXXX-XX-3	3	2017-08-01	0	0	0	0	0
101	939	2017-08-08	3	43	M274273-1	1	2017-08-08	0	1	0	1	5
102	939	2017-08-08	1	43	M274273-4	2	2017-08-08	0	1	0	1	5
103	939	2017-08-08	1	43	M274273-4	3	2017-08-08	0	3	0	5	5
104	939	2017-08-08	0	43	M274273-4	4	2017-08-08	0	3	0	5	5
105	940	2017-08-08	0	43	MM281993-1	1	2017-08-08	0	3	0	5	5
106	940	2017-08-08	0	43	MM281993-2	2	2017-08-08	0	3	0	5	5
107	940	2017-08-08	0	43	MM281993-3	3	2017-08-08	0	1	0	1	5
108	940	2017-08-08	0	43	MM281993-4	4	2017-08-08	0	1	0	1	5
109	945	2017-08-14	0	30	MM281993-1	1	2017-08-14	0	5	3	2	5
110	945	2017-08-14	0	30	MM281993-2	2	2017-08-14	0	5	3	2	5
111	938	2017-08-14	0	30	HTEST-XX-4	4	2017-08-14	0	5	3	2	5
112	938	2017-08-14	0	30	HTEST-XX-5	5	2017-08-14	0	5	3	2	5
114	946	2017-08-14	0	27	HTEST-XX-4	1	2017-08-14	2	3	2	2	1
115	946	2017-08-14	0	27	HTEST-XX-3	2	2017-08-14	2	3	2	2	1
116	946	2017-08-14	0	27	HTEST-XX-3	3	2017-08-14	1	3	2	2	1
117	947	2017-09-15	3	30	MSC_MT22_-1	1	2017-09-15	1	7	3	2	5
118	948	2017-11-06	0	43	MM335503-1	1	2017-11-06	0	1	0	1	5
119	949	2017-11-07	5	43	MM335503-1	1	2017-11-07	0	0	0	0	0
120	950	2017-11-08	0	43	MM335503-1	1	2017-11-08	0	1	0	1	5
\.

/*
Table structure for table 'public.blockstatuses'
*/

DROP TABLE IF EXISTS "public"."blockstatuses" CASCADE;
CREATE TABLE "public"."blockstatuses" (
	"id" SERIAL NOT NULL,
	"status" VARCHAR(64) 
) WITH OIDS;
DROP INDEX IF EXISTS "PRIMARY";
ALTER TABLE "public"."blockstatuses" ADD CONSTRAINT "PRIMARY" PRIMARY KEY("id");

/*
Dumping data for table 'public.blockstatuses'
*/

COPY "public"."blockstatuses"("id","status") FROM stdin;
0	not set
1	new
3	trimmed
4	depleted
5	in process
\.

/*
Table structure for table 'public.carboncoatedcsbatches'
*/

DROP TABLE IF EXISTS "public"."carboncoatedcsbatches" CASCADE;
CREATE TABLE "public"."carboncoatedcsbatches" (
	"id" SERIAL NOT NULL,
	"date_created" TIMESTAMP DEFAULT CURRENT_TIMESTAMP NOT NULL,
	"count" INTEGER,
	"user" INTEGER NOT NULL
) WITH OIDS;
DROP INDEX IF EXISTS "PRIMARY";
ALTER TABLE "public"."carboncoatedcsbatches" ADD CONSTRAINT "PRIMARY" PRIMARY KEY("id");

/*
Dumping data for table 'public.carboncoatedcsbatches'
*/

COPY "public"."carboncoatedcsbatches"("id","date_created","count","user") FROM stdin;
31	2017-03-24 09:54:28	11	30
32	2017-03-24 10:41:25	3	41
33	2017-03-24 11:34:27	5	27
34	2017-03-24 15:14:07	1	27
35	2017-03-27 13:00:03	1	41
36	2017-04-06 09:26:33	25	42
37	2017-04-06 09:27:45	25	42
38	2017-04-13 09:56:27	36	41
39	2017-04-17 11:21:21	50	41
40	2017-04-17 12:03:40	7	41
41	2017-04-18 11:14:18	11	41
42	2017-04-19 10:16:21	10	43
43	2017-04-19 11:16:16	6	43
44	2017-04-19 11:16:31	1	43
45	2017-04-19 11:22:01	4	43
46	2017-04-19 11:22:13	1	43
47	2017-04-19 11:30:34	3	43
48	2017-04-19 12:05:03	7	43
49	2017-04-19 13:17:38	8	43
50	2017-04-19 14:21:15	11	43
51	2017-04-19 15:39:41	11	43
52	2017-04-19 16:26:27	11	41
53	2017-04-20 10:19:37	11	41
54	2017-04-20 11:38:29	11	41
55	2017-04-20 11:51:04	17	41
56	2017-04-21 08:35:45	10	41
57	2017-04-21 10:58:58	10	41
58	2017-04-21 10:59:57	6	41
59	2017-04-21 11:27:16	2	41
60	2017-04-21 11:27:39	2	41
61	2017-04-24 14:32:13	9	30
62	2017-05-02 10:51:21	10	30
63	2017-05-02 12:58:04	10	30
64	2017-05-08 13:10:49	10	30
65	2017-05-08 14:38:15	10	30
66	2017-05-09 10:54:27	10	41
67	2017-05-09 11:33:44	10	41
68	2017-05-09 12:21:39	10	41
69	2017-05-10 12:46:32	5	30
70	2017-05-10 12:46:45	5	30
71	2017-05-10 13:39:30	10	30
72	2017-05-11 11:31:06	5	30
73	2017-05-11 11:31:30	5	30
74	2017-05-12 15:18:40	10	30
75	2017-05-12 17:14:33	10	30
76	2017-05-12 18:37:48	10	30
77	2017-06-16 10:10:09	9	43
78	2017-06-16 10:10:47	9	43
79	2017-06-16 10:10:58	9	43
80	2017-06-16 10:17:14	1	43
81	2017-06-16 10:17:46	1	43
82	2017-07-18 15:41:42	1	43
83	2017-07-18 15:43:37	65	43
84	2017-08-23 15:52:55	13	30
85	2017-08-23 16:33:10	14	30
86	2017-08-25 10:22:38	10	30
87	2017-08-25 12:58:40	10	30
88	2017-08-25 14:45:10	6	30
89	2017-08-28 13:49:38	10	30
90	2017-08-28 14:26:46	7	30
91	2017-08-28 14:28:17	3	30
92	2017-08-28 16:09:03	10	30
93	2017-08-29 14:16:13	10	30
94	2017-08-29 15:42:02	10	30
95	2017-08-30 16:16:06	14	30
96	2017-08-30 16:52:08	14	30
97	2017-09-29 13:21:35	13	30
98	2017-09-29 14:40:14	12	30
99	2017-09-29 14:42:52	1	30
100	2017-09-29 15:17:56	8	30
101	2017-10-03 16:09:48	5	30
102	2017-10-13 08:39:41	15	30
103	2017-10-25 13:56:23	10	43
104	2017-10-25 15:47:59	10	43
105	2017-10-26 10:14:07	10	43
106	2017-10-26 10:46:57	10	43
107	2017-10-26 14:10:00	10	43
108	2017-10-27 12:44:32	10	27
109	2017-11-06 15:53:02	10	41
110	2017-11-07 11:10:29	10	43
111	2017-11-07 11:48:50	10	43
112	2017-11-07 12:58:53	10	43
113	2017-11-07 13:52:44	8	43
\.

/*
Table structure for table 'public.cleancsbatches'
*/

DROP TABLE IF EXISTS "public"."cleancsbatches" CASCADE;
CREATE TABLE "public"."cleancsbatches" (
	"id" SERIAL NOT NULL,
	"date" TIMESTAMP DEFAULT CURRENT_TIMESTAMP NOT NULL,
	"user" INTEGER NOT NULL,
	"note" TEXT,
	"count" INTEGER NOT NULL
) WITH OIDS;
DROP INDEX IF EXISTS "PRIMARY";
ALTER TABLE "public"."cleancsbatches" ADD CONSTRAINT "PRIMARY" PRIMARY KEY("id");
DROP INDEX IF EXISTS "user";
CREATE INDEX "user" ON "public"."cleancsbatches"("user");

/*
Dumping data for table 'public.cleancsbatches'
*/

COPY "public"."cleancsbatches"("id","date","user","note","count") FROM stdin;
47	2017-03-24 11:34:18	27	\N	5
48	2017-03-24 11:48:41	27	\N	2
49	2017-03-24 15:14:00	27	\N	1
50	2017-03-27 12:59:58	41	\N	1
51	2017-04-06 09:23:32	42	\N	25
52	2017-04-06 09:27:36	42	\N	25
53	2017-04-13 09:56:14	41	\N	36
54	2017-04-17 11:21:00	41	\N	50
55	2017-04-17 12:03:37	41	\N	7
56	2017-04-17 12:03:59	41	\N	25
57	2017-04-18 09:39:25	41	\N	50
58	2017-04-19 14:21:11	43	\N	11
59	2017-04-19 15:39:37	43	\N	11
60	2017-04-19 16:26:24	41	\N	11
61	2017-04-20 10:19:34	41	\N	11
62	2017-04-20 10:52:35	41	\N	8
63	2017-04-20 11:38:27	41	\N	11
64	2017-04-20 11:51:00	41	\N	17
65	2017-04-21 11:27:10	41	\N	2
66	2017-05-02 10:51:12	30	\N	10
67	2017-05-02 12:58:01	30	\N	10
68	2017-05-08 13:10:45	30	\N	10
69	2017-05-08 14:38:11	30	\N	10
70	2017-05-09 10:37:17	41	\N	20
71	2017-05-09 10:54:23	41	\N	10
72	2017-05-10 12:46:28	30	\N	5
73	2017-05-10 12:46:42	30	\N	5
74	2017-05-10 13:39:26	30	\N	10
75	2017-05-11 11:31:02	30	\N	5
76	2017-05-11 11:31:21	30	\N	5
77	2017-05-12 15:18:37	30	\N	10
78	2017-05-12 17:14:31	30	\N	10
79	2017-05-12 18:37:46	30	\N	10
80	2017-08-30 16:16:02	30	\N	14
81	2017-10-25 15:40:37	43	\N	1
82	2017-10-25 15:41:40	43	\N	40
83	2017-10-25 15:50:59	27	\N	1
84	2017-10-25 15:57:58	43	\N	1
85	2017-10-27 12:44:24	27	\N	10
86	2017-11-06 15:51:36	41	\N	50
\.

/*
Table structure for table 'public.coverslips'
*/

DROP TABLE IF EXISTS "public"."coverslips" CASCADE;
CREATE TABLE "public"."coverslips" (
	"id" SERIAL NOT NULL,
	"status" INTEGER NOT NULL,
	"type" INTEGER NOT NULL,
	"notes" TEXT,
	"freshCSBatch" INTEGER NOT NULL,
	"cleanCSBatch" INTEGER,
	"carboncoatbatch" INTEGER,
	"from_lot" VARCHAR(128) ,
	"silanizedCSBatch" INTEGER,
	"modified" TIMESTAMP DEFAULT CURRENT_TIMESTAMP
) WITH OIDS;
DROP INDEX IF EXISTS "PRIMARY";
ALTER TABLE "public"."coverslips" ADD CONSTRAINT "PRIMARY" PRIMARY KEY("id");
DROP INDEX IF EXISTS "status";
CREATE INDEX "status" ON "public"."coverslips"("status");
DROP INDEX IF EXISTS "type";
CREATE INDEX "type" ON "public"."coverslips"("type");
DROP INDEX IF EXISTS "coverslip_ibfk_3";
CREATE INDEX "coverslip_ibfk_3" ON "public"."coverslips"("freshCSBatch");
DROP INDEX IF EXISTS "cleanCSBatch";
CREATE INDEX "cleanCSBatch" ON "public"."coverslips"("cleanCSBatch");
DROP INDEX IF EXISTS "carboncoatbatch";
CREATE INDEX "carboncoatbatch" ON "public"."coverslips"("carboncoatbatch");

/*
Dumping data for table 'public.coverslips'
*/

COPY "public"."coverslips"("id","status","type","notes","freshCSBatch","cleanCSBatch","carboncoatbatch","from_lot","silanizedCSBatch","modified") FROM stdin;
2608	8	1	\N	88	51	36	27204_2.0	\N	2017-10-25 15:34:59
2609	8	1	\N	88	51	36	27204_2.0	\N	2017-10-25 15:34:59
2610	8	1	\N	88	51	36	27204_2.0	\N	2017-10-25 15:34:59
2611	8	1	\N	88	51	36	27204_2.0	\N	2017-10-25 15:34:59
2612	8	1	\N	88	51	36	27204_2.0	\N	2017-10-25 15:34:59
2613	8	1	\N	88	51	36	27204_2.0	\N	2017-10-25 15:34:59
2614	8	1	\N	88	51	36	27204_2.0	\N	2017-10-25 15:34:59
2615	8	1	\N	88	51	36	27204_2.0	\N	2017-10-25 15:34:59
2616	5	1	\N	88	51	36	27204_2.0	\N	2017-10-25 15:34:59
2617	5	1	\N	88	51	36	27204_2.0	\N	2017-10-25 15:34:59
2618	5	1	\N	88	51	36	27204_2.0	\N	2017-10-25 15:34:59
2619	5	1	\N	88	51	36	27204_2.0	\N	2017-10-25 15:34:59
2620	5	1	\N	88	51	36	27204_2.0	\N	2017-10-25 15:34:59
2621	5	1	\N	88	51	36	27204_2.0	\N	2017-10-25 15:34:59
2622	5	1	\N	88	51	36	27204_2.0	\N	2017-10-25 15:34:59
2623	5	1	\N	88	51	36	27204_2.0	\N	2017-10-25 15:34:59
2624	5	1	\N	88	51	36	27204_2.0	\N	2017-10-25 15:34:59
2625	5	1	\N	88	51	36	27204_2.0	\N	2017-10-25 15:34:59
2626	5	1	\N	88	51	36	27204_2.0	\N	2017-10-25 15:34:59
2627	5	1	\N	88	51	36	27204_2.0	\N	2017-10-25 15:34:59
2628	5	1	\N	88	51	36	27204_2.0	\N	2017-10-25 15:34:59
2629	6	1	\N	88	51	36	27204_2.0	\N	2017-10-25 15:34:59
2630	5	1	\N	88	51	36	27204_2.0	\N	2017-10-25 15:34:59
2632	6	1	\n\n---------------------------------------------------------------------\nNew note added on 2017 Apr 13 11:10:36 by Totte\n---------------------------------------------------------------------\nWell again adfadfdf\nasdf\nasdf\nasdf\n\n\n\n---------------------------------------------------------------------\nNew note added on 2017 Apr 13 11:10:26 by Totte\n---------------------------------------------------------------------\nWell\n\nA post sectining note\nsd\n	88	51	36	27204_2.0	\N	2017-10-25 15:34:59
2633	1	1	\N	89	52	37	27204_2.1	\N	2017-10-25 15:34:59
2634	1	1	\N	89	52	37	27204_2.1	\N	2017-10-25 15:34:59
2635	1	1	\N	89	52	37	27204_2.1	\N	2017-10-25 15:34:59
2636	1	1	\N	89	52	37	27204_2.1	\N	2017-10-25 15:34:59
2637	1	1	\N	89	52	37	27204_2.1	\N	2017-10-25 15:34:59
2638	1	1	\N	89	52	37	27204_2.1	\N	2017-10-25 15:34:59
2639	1	1	\N	89	52	37	27204_2.1	\N	2017-10-25 15:34:59
2640	1	1	\N	89	52	37	27204_2.1	\N	2017-10-25 15:34:59
2641	5	1	\N	89	52	37	27204_2.1	\N	2017-10-25 15:34:59
2642	5	1	\N	89	52	37	27204_2.1	\N	2017-10-25 15:34:59
2643	5	1	\N	89	52	37	27204_2.1	\N	2017-10-25 15:34:59
2644	5	1	\N	89	52	37	27204_2.1	\N	2017-10-25 15:34:59
2645	5	1	\N	89	52	37	27204_2.1	\N	2017-10-25 15:34:59
2646	5	1	\N	89	52	37	27204_2.1	\N	2017-10-25 15:34:59
2647	5	1	\N	89	52	37	27204_2.1	\N	2017-10-25 15:34:59
2648	5	1	\N	89	52	37	27204_2.1	\N	2017-10-25 15:34:59
2649	5	1	\N	89	52	37	27204_2.1	\N	2017-10-25 15:34:59
2650	5	1	\N	89	52	37	27204_2.1	\N	2017-10-25 15:34:59
2651	5	1	\N	89	52	37	27204_2.1	\N	2017-10-25 15:34:59
2652	5	1	\N	89	52	37	27204_2.1	\N	2017-10-25 15:34:59
2653	5	1	\N	89	52	37	27204_2.1	\N	2017-10-25 15:34:59
2654	5	1	\N	89	52	37	27204_2.1	\N	2017-10-25 15:34:59
2655	5	1	\N	89	52	37	27204_2.1	\N	2017-10-25 15:34:59
2656	5	1	\N	89	52	37	27204_2.1	\N	2017-10-25 15:34:59
2657	5	1	\N	89	52	37	27204_2.1	\N	2017-10-25 15:34:59
2658	1	1	\N	90	\N	\N	27204_5.0	\N	2017-10-25 15:34:59
2659	1	1	\N	90	\N	\N	27204_5.0	\N	2017-10-25 15:34:59
2660	1	1	\N	90	\N	\N	27204_5.0	\N	2017-10-25 15:34:59
2661	1	1	\N	90	\N	\N	27204_5.0	\N	2017-10-25 15:34:59
2662	1	1	\N	90	\N	\N	27204_5.0	\N	2017-10-25 15:34:59
2663	1	1	\N	90	\N	\N	27204_5.0	\N	2017-10-25 15:34:59
2664	1	1	\N	90	\N	\N	27204_5.0	\N	2017-10-25 15:34:59
2665	1	1	\N	90	\N	\N	27204_5.0	\N	2017-10-25 15:34:59
2666	1	1	\N	90	\N	\N	27204_5.0	\N	2017-10-25 15:34:59
2667	1	1	\N	90	\N	\N	27204_5.0	\N	2017-10-25 15:34:59
2668	1	1	\N	90	\N	\N	27204_5.0	\N	2017-10-25 15:34:59
2669	1	1	\N	90	\N	\N	27204_5.0	\N	2017-10-25 15:34:59
2670	1	1	\N	90	\N	\N	27204_5.0	\N	2017-10-25 15:34:59
2671	1	1	\N	90	\N	\N	27204_5.0	\N	2017-10-25 15:34:59
2672	1	1	\N	90	\N	\N	27204_5.0	\N	2017-10-25 15:34:59
2673	1	1	\N	90	\N	\N	27204_5.0	\N	2017-10-25 15:34:59
2674	1	1	\N	90	\N	\N	27204_5.0	\N	2017-10-25 15:34:59
2675	1	1	\N	90	\N	\N	27204_5.0	\N	2017-10-25 15:34:59
2676	1	1	\N	90	\N	\N	27204_5.0	\N	2017-10-25 15:34:59
2677	1	1	\N	90	\N	\N	27204_5.0	\N	2017-10-25 15:34:59
2678	1	1	\N	90	\N	\N	27204_5.0	\N	2017-10-25 15:34:59
2679	1	1	\N	90	\N	\N	27204_5.0	\N	2017-10-25 15:34:59
2680	1	1	\N	90	\N	\N	27204_5.0	\N	2017-10-25 15:34:59
2681	1	1	\N	90	\N	\N	27204_5.0	\N	2017-10-25 15:34:59
2682	1	1	\N	90	\N	\N	27204_5.0	\N	2017-10-25 15:34:59
2683	1	1	\N	90	\N	\N	27204_5.0	\N	2017-10-25 15:34:59
2684	1	1	\N	90	\N	\N	27204_5.0	\N	2017-10-25 15:34:59
2685	1	1	\N	90	\N	\N	27204_5.0	\N	2017-10-25 15:34:59
2686	1	1	\N	90	\N	\N	27204_5.0	\N	2017-10-25 15:34:59
2687	1	1	\N	90	\N	\N	27204_5.0	\N	2017-10-25 15:34:59
2688	1	1	\N	90	\N	\N	27204_5.0	\N	2017-10-25 15:34:59
2689	1	1	\N	90	\N	\N	27204_5.0	\N	2017-10-25 15:34:59
2690	4	1	\N	90	56	\N	27204_5.0	\N	2017-10-25 15:34:59
2691	4	1	\N	90	56	\N	27204_5.0	\N	2017-10-25 15:34:59
2692	4	1	\N	90	56	\N	27204_5.0	\N	2017-10-25 15:34:59
2693	4	1	\N	90	56	\N	27204_5.0	\N	2017-10-25 15:34:59
2694	4	1	\N	90	56	\N	27204_5.0	\N	2017-10-25 15:34:59
2695	4	1	\N	90	56	\N	27204_5.0	\N	2017-10-25 15:34:59
2696	4	1	\N	90	56	\N	27204_5.0	\N	2017-10-25 15:34:59
2697	4	1	\N	90	56	\N	27204_5.0	\N	2017-10-25 15:34:59
2698	4	1	\N	90	56	\N	27204_5.0	\N	2017-10-25 15:34:59
2699	4	1	\N	90	56	\N	27204_5.0	\N	2017-10-25 15:34:59
2700	4	1	\N	90	56	\N	27204_5.0	\N	2017-10-25 15:34:59
2701	4	1	\N	90	56	\N	27204_5.0	\N	2017-10-25 15:34:59
2702	4	1	\N	90	56	\N	27204_5.0	\N	2017-10-25 15:34:59
2703	4	1	\N	90	56	\N	27204_5.0	\N	2017-10-25 15:34:59
2704	4	1	\N	90	56	\N	27204_5.0	\N	2017-10-25 15:34:59
2705	4	1	\N	90	56	\N	27204_5.0	\N	2017-10-25 15:34:59
2706	4	1	\N	90	56	\N	27204_5.0	\N	2017-10-25 15:34:59
2707	4	1	\N	90	56	\N	27204_5.0	\N	2017-10-25 15:34:59
2708	4	1	\N	90	56	\N	27204_5.0	\N	2017-10-25 15:34:59
2709	4	1	\N	90	56	\N	27204_5.0	\N	2017-10-25 15:34:59
2710	4	1	\N	90	56	\N	27204_5.0	\N	2017-10-25 15:34:59
2711	4	1	\N	90	56	\N	27204_5.0	\N	2017-10-25 15:34:59
2712	4	1	\N	90	56	\N	27204_5.0	\N	2017-10-25 15:34:59
2713	4	1	\N	90	56	\N	27204_5.0	\N	2017-10-25 15:34:59
2714	4	1	\N	90	56	\N	27204_5.0	\N	2017-10-25 15:34:59
2715	5	1	\N	90	55	40	27204_5.0	\N	2017-10-25 15:34:59
2716	5	1	\N	90	55	40	27204_5.0	\N	2017-10-25 15:34:59
2717	5	1	\N	90	55	40	27204_5.0	\N	2017-10-25 15:34:59
2718	5	1	\N	90	55	40	27204_5.0	\N	2017-10-25 15:34:59
2719	5	1	\N	90	55	40	27204_5.0	\N	2017-10-25 15:34:59
2720	5	1	\N	90	55	40	27204_5.0	\N	2017-10-25 15:34:59
2721	5	1	\N	90	55	40	27204_5.0	\N	2017-10-25 15:34:59
2722	5	1	\N	90	53	38	27204_5.0	\N	2017-10-25 15:34:59
2723	5	1	\N	90	53	38	27204_5.0	\N	2017-10-25 15:34:59
2724	5	1	\N	90	53	38	27204_5.0	\N	2017-10-25 15:34:59
2725	5	1	\N	90	53	38	27204_5.0	\N	2017-10-25 15:34:59
2726	5	1	\N	90	53	38	27204_5.0	\N	2017-10-25 15:34:59
2727	5	1	\N	90	53	38	27204_5.0	\N	2017-10-25 15:34:59
2728	5	1	\N	90	53	38	27204_5.0	\N	2017-10-25 15:34:59
2729	5	1	\N	90	53	38	27204_5.0	\N	2017-10-25 15:34:59
2730	5	1	\N	90	53	38	27204_5.0	\N	2017-10-25 15:34:59
2731	5	1	\N	90	53	38	27204_5.0	\N	2017-10-25 15:34:59
2732	5	1	\N	90	53	38	27204_5.0	\N	2017-10-25 15:34:59
2733	5	1	\N	90	53	38	27204_5.0	\N	2017-10-25 15:34:59
2734	5	1	\N	90	53	38	27204_5.0	\N	2017-10-25 15:34:59
2735	5	1	\N	90	53	38	27204_5.0	\N	2017-10-25 15:34:59
2736	5	1	\N	90	53	38	27204_5.0	\N	2017-10-25 15:34:59
2737	5	1	\N	90	53	38	27204_5.0	\N	2017-10-25 15:34:59
2738	5	1	\N	90	53	38	27204_5.0	\N	2017-10-25 15:34:59
2739	5	1	\N	90	53	38	27204_5.0	\N	2017-10-25 15:34:59
2740	5	1	\N	90	53	38	27204_5.0	\N	2017-10-25 15:34:59
2741	5	1	\N	90	53	38	27204_5.0	\N	2017-10-25 15:34:59
2742	5	1	\N	90	53	38	27204_5.0	\N	2017-10-25 15:34:59
2743	5	1	\N	90	53	38	27204_5.0	\N	2017-10-25 15:34:59
2744	5	1	\N	90	53	38	27204_5.0	\N	2017-10-25 15:34:59
2745	5	1	\N	90	53	38	27204_5.0	\N	2017-10-25 15:34:59
2746	5	1	\N	90	53	38	27204_5.0	\N	2017-10-25 15:34:59
2747	5	1	\N	90	53	38	27204_5.0	\N	2017-10-25 15:34:59
2748	5	1	\N	90	53	38	27204_5.0	\N	2017-10-25 15:34:59
2749	5	1	\N	90	53	38	27204_5.0	\N	2017-10-25 15:34:59
2750	5	1	\N	90	53	38	27204_5.0	\N	2017-10-25 15:34:59
2751	5	1	\N	90	53	38	27204_5.0	\N	2017-10-25 15:34:59
2752	5	1	\N	90	53	38	27204_5.0	\N	2017-10-25 15:34:59
2753	5	1	\N	90	53	38	27204_5.0	\N	2017-10-25 15:34:59
2754	5	1	\N	90	53	38	27204_5.0	\N	2017-10-25 15:34:59
2755	5	1	\N	90	53	38	27204_5.0	\N	2017-10-25 15:34:59
2756	5	1	\N	90	53	38	27204_5.0	\N	2017-10-25 15:34:59
2757	5	1	\N	90	53	38	27204_5.0	\N	2017-10-25 15:34:59
2759	8	1	\n\n---------------------------------------------------------------------\nNew note added on 2017 Apr 18 09:37:09 by Leila\n---------------------------------------------------------------------\nDiscarded due to carbon pealing	93	54	39	27204	\N	2017-10-25 15:34:59
2760	8	1	\n\n---------------------------------------------------------------------\nNew note added on 2017 Apr 18 09:37:09 by Leila\n---------------------------------------------------------------------\nDiscarded due to carbon pealing	93	54	39	27204	\N	2017-10-25 15:34:59
2761	8	1	\n\n---------------------------------------------------------------------\nNew note added on 2017 Apr 18 09:37:09 by Leila\n---------------------------------------------------------------------\nDiscarded due to carbon pealing	93	54	39	27204	\N	2017-10-25 15:34:59
2762	8	1	\n\n---------------------------------------------------------------------\nNew note added on 2017 Apr 18 09:37:09 by Leila\n---------------------------------------------------------------------\nDiscarded due to carbon pealing	93	54	39	27204	\N	2017-10-25 15:34:59
2763	8	1	\n\n---------------------------------------------------------------------\nNew note added on 2017 Apr 18 09:37:09 by Leila\n---------------------------------------------------------------------\nDiscarded due to carbon pealing	93	54	39	27204	\N	2017-10-25 15:34:59
2764	8	1	\n\n---------------------------------------------------------------------\nNew note added on 2017 Apr 18 09:37:09 by Leila\n---------------------------------------------------------------------\nDiscarded due to carbon pealing	93	54	39	27204	\N	2017-10-25 15:34:59
2765	8	1	\n\n---------------------------------------------------------------------\nNew note added on 2017 Apr 18 09:37:09 by Leila\n---------------------------------------------------------------------\nDiscarded due to carbon pealing	93	54	39	27204	\N	2017-10-25 15:34:59
2766	8	1	\n\n---------------------------------------------------------------------\nNew note added on 2017 Apr 18 09:37:09 by Leila\n---------------------------------------------------------------------\nDiscarded due to carbon pealing	93	54	39	27204	\N	2017-10-25 15:34:59
2767	8	1	\n\n---------------------------------------------------------------------\nNew note added on 2017 Apr 18 09:37:09 by Leila\n---------------------------------------------------------------------\nDiscarded due to carbon pealing	93	54	39	27204	\N	2017-10-25 15:34:59
2768	8	1	\n\n---------------------------------------------------------------------\nNew note added on 2017 Apr 18 09:37:09 by Leila\n---------------------------------------------------------------------\nDiscarded due to carbon pealing	93	54	39	27204	\N	2017-10-25 15:34:59
2769	8	1	\n\n---------------------------------------------------------------------\nNew note added on 2017 Apr 18 09:37:09 by Leila\n---------------------------------------------------------------------\nDiscarded due to carbon pealing	93	54	39	27204	\N	2017-10-25 15:34:59
2770	8	1	\n\n---------------------------------------------------------------------\nNew note added on 2017 Apr 18 09:37:09 by Leila\n---------------------------------------------------------------------\nDiscarded due to carbon pealing	93	54	39	27204	\N	2017-10-25 15:34:59
2771	8	1	\n\n---------------------------------------------------------------------\nNew note added on 2017 Apr 18 09:37:09 by Leila\n---------------------------------------------------------------------\nDiscarded due to carbon pealing	93	54	39	27204	\N	2017-10-25 15:34:59
2772	8	1	\n\n---------------------------------------------------------------------\nNew note added on 2017 Apr 18 09:37:09 by Leila\n---------------------------------------------------------------------\nDiscarded due to carbon pealing	93	54	39	27204	\N	2017-10-25 15:34:59
2773	8	1	\n\n---------------------------------------------------------------------\nNew note added on 2017 Apr 18 09:37:09 by Leila\n---------------------------------------------------------------------\nDiscarded due to carbon pealing	93	54	39	27204	\N	2017-10-25 15:34:59
2774	8	1	\n\n---------------------------------------------------------------------\nNew note added on 2017 Apr 18 09:37:09 by Leila\n---------------------------------------------------------------------\nDiscarded due to carbon pealing	93	54	39	27204	\N	2017-10-25 15:34:59
2775	8	1	\n\n---------------------------------------------------------------------\nNew note added on 2017 Apr 18 09:37:09 by Leila\n---------------------------------------------------------------------\nDiscarded due to carbon pealing	93	54	39	27204	\N	2017-10-25 15:34:59
2776	8	1	\n\n---------------------------------------------------------------------\nNew note added on 2017 Apr 18 09:37:09 by Leila\n---------------------------------------------------------------------\nDiscarded due to carbon pealing	93	54	39	27204	\N	2017-10-25 15:34:59
2777	8	1	\n\n---------------------------------------------------------------------\nNew note added on 2017 Apr 18 09:37:09 by Leila\n---------------------------------------------------------------------\nDiscarded due to carbon pealing	93	54	39	27204	\N	2017-10-25 15:34:59
2778	8	1	\n\n---------------------------------------------------------------------\nNew note added on 2017 Apr 18 09:37:09 by Leila\n---------------------------------------------------------------------\nDiscarded due to carbon pealing	93	54	39	27204	\N	2017-10-25 15:34:59
2779	8	1	\n\n---------------------------------------------------------------------\nNew note added on 2017 Apr 18 09:37:09 by Leila\n---------------------------------------------------------------------\nDiscarded due to carbon pealing	93	54	39	27204	\N	2017-10-25 15:34:59
2780	8	1	\n\n---------------------------------------------------------------------\nNew note added on 2017 Apr 18 09:37:09 by Leila\n---------------------------------------------------------------------\nDiscarded due to carbon pealing	93	54	39	27204	\N	2017-10-25 15:34:59
2781	8	1	\n\n---------------------------------------------------------------------\nNew note added on 2017 Apr 18 09:37:09 by Leila\n---------------------------------------------------------------------\nDiscarded due to carbon pealing	93	54	39	27204	\N	2017-10-25 15:34:59
2782	8	1	\n\n---------------------------------------------------------------------\nNew note added on 2017 Apr 18 09:37:09 by Leila\n---------------------------------------------------------------------\nDiscarded due to carbon pealing	93	54	39	27204	\N	2017-10-25 15:34:59
2783	8	1	\n\n---------------------------------------------------------------------\nNew note added on 2017 Apr 18 09:37:09 by Leila\n---------------------------------------------------------------------\nDiscarded due to carbon pealing	93	54	39	27204	\N	2017-10-25 15:34:59
2784	8	1	\n\n---------------------------------------------------------------------\nNew note added on 2017 Apr 18 09:37:09 by Leila\n---------------------------------------------------------------------\nDiscarded due to carbon pealing	93	54	39	27204	\N	2017-10-25 15:34:59
2785	8	1	\n\n---------------------------------------------------------------------\nNew note added on 2017 Apr 18 09:37:09 by Leila\n---------------------------------------------------------------------\nDiscarded due to carbon pealing	93	54	39	27204	\N	2017-10-25 15:34:59
2786	8	1	\n\n---------------------------------------------------------------------\nNew note added on 2017 Apr 18 09:37:09 by Leila\n---------------------------------------------------------------------\nDiscarded due to carbon pealing	93	54	39	27204	\N	2017-10-25 15:34:59
2787	8	1	\n\n---------------------------------------------------------------------\nNew note added on 2017 Apr 18 09:37:09 by Leila\n---------------------------------------------------------------------\nDiscarded due to carbon pealing	93	54	39	27204	\N	2017-10-25 15:34:59
2788	8	1	\n\n---------------------------------------------------------------------\nNew note added on 2017 Apr 18 09:37:09 by Leila\n---------------------------------------------------------------------\nDiscarded due to carbon pealing	93	54	39	27204	\N	2017-10-25 15:34:59
2789	8	1	\n\n---------------------------------------------------------------------\nNew note added on 2017 Apr 18 09:37:09 by Leila\n---------------------------------------------------------------------\nDiscarded due to carbon pealing	93	54	39	27204	\N	2017-10-25 15:34:59
2790	8	1	\n\n---------------------------------------------------------------------\nNew note added on 2017 Apr 18 09:37:09 by Leila\n---------------------------------------------------------------------\nDiscarded due to carbon pealing	93	54	39	27204	\N	2017-10-25 15:34:59
2791	8	1	\n\n---------------------------------------------------------------------\nNew note added on 2017 Apr 18 09:37:09 by Leila\n---------------------------------------------------------------------\nDiscarded due to carbon pealing	93	54	39	27204	\N	2017-10-25 15:34:59
2792	8	1	\n\n---------------------------------------------------------------------\nNew note added on 2017 Apr 18 09:37:09 by Leila\n---------------------------------------------------------------------\nDiscarded due to carbon pealing	93	54	39	27204	\N	2017-10-25 15:34:59
2793	8	1	\n\n---------------------------------------------------------------------\nNew note added on 2017 Apr 18 09:37:09 by Leila\n---------------------------------------------------------------------\nDiscarded due to carbon pealing	93	54	39	27204	\N	2017-10-25 15:34:59
2794	8	1	\n\n---------------------------------------------------------------------\nNew note added on 2017 Apr 18 09:37:09 by Leila\n---------------------------------------------------------------------\nDiscarded due to carbon pealing	93	54	39	27204	\N	2017-10-25 15:34:59
2795	8	1	\n\n---------------------------------------------------------------------\nNew note added on 2017 Apr 18 09:37:09 by Leila\n---------------------------------------------------------------------\nDiscarded due to carbon pealing	93	54	39	27204	\N	2017-10-25 15:34:59
2796	8	1	\n\n---------------------------------------------------------------------\nNew note added on 2017 Apr 18 09:37:09 by Leila\n---------------------------------------------------------------------\nDiscarded due to carbon pealing	93	54	39	27204	\N	2017-10-25 15:34:59
2797	8	1	\n\n---------------------------------------------------------------------\nNew note added on 2017 Apr 18 09:37:09 by Leila\n---------------------------------------------------------------------\nDiscarded due to carbon pealing	93	54	39	27204	\N	2017-10-25 15:34:59
2798	8	1	\n\n---------------------------------------------------------------------\nNew note added on 2017 Apr 18 09:37:09 by Leila\n---------------------------------------------------------------------\nDiscarded due to carbon pealing	93	54	39	27204	\N	2017-10-25 15:34:59
2799	8	1	\n\n---------------------------------------------------------------------\nNew note added on 2017 Apr 18 09:37:09 by Leila\n---------------------------------------------------------------------\nDiscarded due to carbon pealing	93	54	39	27204	\N	2017-10-25 15:34:59
2800	8	1	\n\n---------------------------------------------------------------------\nNew note added on 2017 Apr 18 09:37:09 by Leila\n---------------------------------------------------------------------\nDiscarded due to carbon pealing	93	54	39	27204	\N	2017-10-25 15:34:59
2801	8	1	\n\n---------------------------------------------------------------------\nNew note added on 2017 Apr 18 09:37:09 by Leila\n---------------------------------------------------------------------\nDiscarded due to carbon pealing	93	54	39	27204	\N	2017-10-25 15:34:59
2802	8	1	\n\n---------------------------------------------------------------------\nNew note added on 2017 Apr 18 09:37:09 by Leila\n---------------------------------------------------------------------\nDiscarded due to carbon pealing	93	54	39	27204	\N	2017-10-25 15:34:59
2803	8	1	\n\n---------------------------------------------------------------------\nNew note added on 2017 Apr 18 09:37:09 by Leila\n---------------------------------------------------------------------\nDiscarded due to carbon pealing	93	54	39	27204	\N	2017-10-25 15:34:59
2804	8	1	\n\n---------------------------------------------------------------------\nNew note added on 2017 Apr 18 09:37:09 by Leila\n---------------------------------------------------------------------\nDiscarded due to carbon pealing	93	54	39	27204	\N	2017-10-25 15:34:59
2805	8	1	\n\n---------------------------------------------------------------------\nNew note added on 2017 Apr 18 09:37:09 by Leila\n---------------------------------------------------------------------\nDiscarded due to carbon pealing	93	54	39	27204	\N	2017-10-25 15:34:59
2806	8	1	\n\n---------------------------------------------------------------------\nNew note added on 2017 Apr 18 09:37:09 by Leila\n---------------------------------------------------------------------\nDiscarded due to carbon pealing	93	54	39	27204	\N	2017-10-25 15:34:59
2807	8	1	\n\n---------------------------------------------------------------------\nNew note added on 2017 Apr 18 09:37:09 by Leila\n---------------------------------------------------------------------\nDiscarded due to carbon pealing	93	54	39	27204	\N	2017-10-25 15:34:59
2808	8	1	\n\n---------------------------------------------------------------------\nNew note added on 2017 Apr 18 09:37:09 by Leila\n---------------------------------------------------------------------\nDiscarded due to carbon pealing	93	54	39	27204	\N	2017-10-25 15:34:59
2809	4	1	\N	93	57	\N	27204	\N	2017-10-25 15:34:59
2810	4	1	\N	93	57	\N	27204	\N	2017-10-25 15:34:59
2811	4	1	\N	93	57	\N	27204	\N	2017-10-25 15:34:59
2812	4	1	\N	93	57	\N	27204	\N	2017-10-25 15:34:59
2813	5	1	\N	93	57	49	27204	\N	2017-10-25 15:34:59
2814	5	1	\N	93	57	49	27204	\N	2017-10-25 15:34:59
2815	6	1	\N	93	57	49	27204	\N	2017-10-25 15:34:59
2816	5	1	\N	93	57	49	27204	\N	2017-10-25 15:34:59
2817	6	1	\N	93	57	49	27204	\N	2017-10-25 15:34:59
2818	6	1	\N	93	57	49	27204	\N	2017-10-25 15:34:59
2819	6	1	\N	93	57	49	27204	\N	2017-10-25 15:34:59
2820	6	1	\N	93	57	49	27204	\N	2017-10-25 15:34:59
2821	5	1	\N	93	57	48	27204	\N	2017-10-25 15:34:59
2822	5	1	\N	93	57	48	27204	\N	2017-10-25 15:34:59
2823	5	1	\N	93	57	48	27204	\N	2017-10-25 15:34:59
2824	6	1	\N	93	57	48	27204	\N	2017-10-25 15:34:59
2825	6	1	\N	93	57	48	27204	\N	2017-10-25 15:34:59
2826	6	1	\N	93	57	48	27204	\N	2017-10-25 15:34:59
2827	6	1	\N	93	57	48	27204	\N	2017-10-25 15:34:59
2828	6	1	\N	93	57	47	27204	\N	2017-10-25 15:34:59
2829	6	1	\N	93	57	47	27204	\N	2017-10-25 15:34:59
2830	6	1	\N	93	57	47	27204	\N	2017-10-25 15:34:59
2831	5	1	\N	93	57	45	27204	\N	2017-10-25 15:34:59
2832	6	1	\N	93	57	44	27204	\N	2017-10-25 15:34:59
2833	6	1	\N	93	57	43	27204	\N	2017-10-25 15:34:59
2834	6	1	\N	93	57	43	27204	\N	2017-10-25 15:34:59
2835	6	1	\N	93	57	43	27204	\N	2017-10-25 15:34:59
2836	5	1	\N	93	57	43	27204	\N	2017-10-25 15:34:59
2837	5	1	\N	93	57	43	27204	\N	2017-10-25 15:34:59
2838	5	1	\N	93	57	42	27204	\N	2017-10-25 15:34:59
2839	5	1	\N	93	57	42	27204	\N	2017-10-25 15:34:59
2840	5	1	\N	93	57	42	27204	\N	2017-10-25 15:34:59
2841	6	1	\N	93	57	42	27204	\N	2017-10-25 15:34:59
2842	5	1	\N	93	57	42	27204	\N	2017-10-25 15:34:59
2843	6	1	\N	93	57	42	27204	\N	2017-10-25 15:34:59
2844	6	1	\N	93	57	42	27204	\N	2017-10-25 15:34:59
2845	6	1	\N	93	57	42	27204	\N	2017-10-25 15:34:59
2846	5	1	\N	93	57	42	27204	\N	2017-10-25 15:34:59
2847	6	1	\N	93	57	42	27204	\N	2017-10-25 15:34:59
2848	5	1	\N	93	57	41	27204	\N	2017-10-25 15:34:59
2849	6	1	\N	93	57	41	27204	\N	2017-10-25 15:34:59
2850	6	1	\N	93	57	41	27204	\N	2017-10-25 15:34:59
2851	6	1	\N	93	57	41	27204	\N	2017-10-25 15:34:59
2852	5	1	\N	93	57	41	27204	\N	2017-10-25 15:34:59
2853	5	1	\N	93	57	41	27204	\N	2017-10-25 15:34:59
2854	5	1	\N	93	57	41	27204	\N	2017-10-25 15:34:59
2855	5	1	\N	93	57	41	27204	\N	2017-10-25 15:34:59
2856	5	1	\N	93	57	41	27204	\N	2017-10-25 15:34:59
2857	5	1	\N	93	57	41	27204	\N	2017-10-25 15:34:59
2858	5	1	\N	93	57	41	27204	\N	2017-10-25 15:34:59
2859	1	1	\N	94	\N	\N	27204	\N	2017-10-25 15:34:59
2860	1	1	\N	94	\N	\N	27204	\N	2017-10-25 15:34:59
2861	1	1	\N	94	\N	\N	27204	\N	2017-10-25 15:34:59
2862	1	1	\N	94	\N	\N	27204	\N	2017-10-25 15:34:59
2863	1	1	\N	94	\N	\N	27204	\N	2017-10-25 15:34:59
2864	1	1	\N	94	\N	\N	27204	\N	2017-10-25 15:34:59
2865	1	1	\N	94	\N	\N	27204	\N	2017-10-25 15:34:59
2866	1	1	\N	94	\N	\N	27204	\N	2017-10-25 15:34:59
2867	1	1	\N	94	\N	\N	27204	\N	2017-10-25 15:34:59
2868	1	1	\N	94	\N	\N	27204	\N	2017-10-25 15:34:59
2869	1	1	\N	94	\N	\N	27204	\N	2017-10-25 15:34:59
2870	1	1	\N	94	\N	\N	27204	\N	2017-10-25 15:34:59
2871	1	1	\N	94	\N	\N	27204	\N	2017-10-25 15:34:59
2872	1	1	\N	94	\N	\N	27204	\N	2017-10-25 15:34:59
2873	1	1	\N	94	\N	\N	27204	\N	2017-10-25 15:34:59
2874	1	1	\N	94	\N	\N	27204	\N	2017-10-25 15:34:59
2875	1	1	\N	94	\N	\N	27204	\N	2017-10-25 15:34:59
2876	1	1	\N	94	\N	\N	27204	\N	2017-10-25 15:34:59
2877	1	1	\N	94	\N	\N	27204	\N	2017-10-25 15:34:59
2878	1	1	\N	94	\N	\N	27204	\N	2017-10-25 15:34:59
2879	5	1	\N	94	64	55	27204	\N	2017-10-25 15:34:59
2880	5	1	\N	94	64	55	27204	\N	2017-10-25 15:34:59
2881	5	1	\N	94	64	55	27204	\N	2017-10-25 15:34:59
2882	5	1	\N	94	64	55	27204	\N	2017-10-25 15:34:59
2883	5	1	\N	94	64	55	27204	\N	2017-10-25 15:34:59
2884	5	1	\N	94	64	55	27204	\N	2017-10-25 15:34:59
2885	5	1	\N	94	64	55	27204	\N	2017-10-25 15:34:59
2886	5	1	\N	94	64	55	27204	\N	2017-10-25 15:34:59
2887	5	1	\N	94	64	55	27204	\N	2017-10-25 15:34:59
2888	5	1	\N	94	64	55	27204	\N	2017-10-25 15:34:59
2889	5	1	\N	94	64	55	27204	\N	2017-10-25 15:34:59
2890	5	1	\N	94	64	55	27204	\N	2017-10-25 15:34:59
2891	5	1	\N	94	64	55	27204	\N	2017-10-25 15:34:59
2892	5	1	\N	94	64	55	27204	\N	2017-10-25 15:34:59
2893	5	1	\N	94	64	55	27204	\N	2017-10-25 15:34:59
2894	5	1	\N	94	64	55	27204	\N	2017-10-25 15:34:59
2895	5	1	\N	94	64	55	27204	\N	2017-10-25 15:34:59
2896	5	1	\N	94	63	54	27204	\N	2017-10-25 15:34:59
2897	5	1	\N	94	63	54	27204	\N	2017-10-25 15:34:59
2898	5	1	\N	94	63	54	27204	\N	2017-10-25 15:34:59
2899	5	1	\N	94	63	54	27204	\N	2017-10-25 15:34:59
2900	5	1	\N	94	63	54	27204	\N	2017-10-25 15:34:59
2901	5	1	\N	94	63	54	27204	\N	2017-10-25 15:34:59
2902	5	1	\N	94	63	54	27204	\N	2017-10-25 15:34:59
2903	5	1	\N	94	63	54	27204	\N	2017-10-25 15:34:59
2904	5	1	\N	94	63	54	27204	\N	2017-10-25 15:34:59
2905	5	1	\N	94	63	54	27204	\N	2017-10-25 15:34:59
2906	5	1	\N	94	63	54	27204	\N	2017-10-25 15:34:59
2907	4	1	\N	94	62	\N	27204	\N	2017-10-25 15:34:59
2908	4	1	\N	94	62	\N	27204	\N	2017-10-25 15:34:59
2909	4	1	\N	94	62	\N	27204	\N	2017-10-25 15:34:59
2910	4	1	\N	94	62	\N	27204	\N	2017-10-25 15:34:59
2911	4	1	\N	94	62	\N	27204	\N	2017-10-25 15:34:59
2912	4	1	\N	94	62	\N	27204	\N	2017-10-25 15:34:59
2913	4	1	\N	94	62	\N	27204	\N	2017-10-25 15:34:59
2914	4	1	\N	94	62	\N	27204	\N	2017-10-25 15:34:59
2915	5	1	\N	94	61	53	27204	\N	2017-10-25 15:34:59
2916	5	1	\N	94	61	53	27204	\N	2017-10-25 15:34:59
2917	5	1	\N	94	61	53	27204	\N	2017-10-25 15:34:59
2918	5	1	\N	94	61	53	27204	\N	2017-10-25 15:34:59
2919	5	1	\N	94	61	53	27204	\N	2017-10-25 15:34:59
2920	5	1	\N	94	61	53	27204	\N	2017-10-25 15:34:59
2921	5	1	\N	94	61	53	27204	\N	2017-10-25 15:34:59
2922	5	1	\N	94	61	53	27204	\N	2017-10-25 15:34:59
2923	5	1	\N	94	61	53	27204	\N	2017-10-25 15:34:59
2924	5	1	\N	94	61	53	27204	\N	2017-10-25 15:34:59
2925	5	1	\N	94	61	53	27204	\N	2017-10-25 15:34:59
2926	5	1	\N	94	60	52	27204	\N	2017-10-25 15:34:59
2927	5	1	\N	94	60	52	27204	\N	2017-10-25 15:34:59
2928	5	1	\N	94	60	52	27204	\N	2017-10-25 15:34:59
2929	5	1	\N	94	60	52	27204	\N	2017-10-25 15:34:59
2930	5	1	\N	94	60	52	27204	\N	2017-10-25 15:34:59
2931	5	1	\N	94	60	52	27204	\N	2017-10-25 15:34:59
2932	5	1	\N	94	60	52	27204	\N	2017-10-25 15:34:59
2933	5	1	\N	94	60	52	27204	\N	2017-10-25 15:34:59
2934	5	1	\N	94	60	52	27204	\N	2017-10-25 15:34:59
2935	5	1	\N	94	60	52	27204	\N	2017-10-25 15:34:59
2936	5	1	\N	94	60	52	27204	\N	2017-10-25 15:34:59
2937	5	1	\N	94	59	51	27204	\N	2017-10-25 15:34:59
2938	5	1	\N	94	59	51	27204	\N	2017-10-25 15:34:59
2939	5	1	\N	94	59	51	27204	\N	2017-10-25 15:34:59
2940	5	1	\N	94	59	51	27204	\N	2017-10-25 15:34:59
2941	5	1	\N	94	59	51	27204	\N	2017-10-25 15:34:59
2942	5	1	\N	94	59	51	27204	\N	2017-10-25 15:34:59
2943	5	1	\N	94	59	51	27204	\N	2017-10-25 15:34:59
2944	5	1	\N	94	59	51	27204	\N	2017-10-25 15:34:59
2945	5	1	\N	94	59	51	27204	\N	2017-10-25 15:34:59
2946	5	1	\N	94	59	51	27204	\N	2017-10-25 15:34:59
2947	5	1	\N	94	59	51	27204	\N	2017-10-25 15:34:59
2948	5	1	\N	94	58	50	27204	\N	2017-10-25 15:34:59
2949	5	1	\N	94	58	50	27204	\N	2017-10-25 15:34:59
2950	5	1	\N	94	58	50	27204	\N	2017-10-25 15:34:59
2951	5	1	\N	94	58	50	27204	\N	2017-10-25 15:34:59
2952	5	1	\N	94	58	50	27204	\N	2017-10-25 15:34:59
2953	5	1	\N	94	58	50	27204	\N	2017-10-25 15:34:59
2954	5	1	\N	94	58	50	27204	\N	2017-10-25 15:34:59
2955	5	1	\N	94	58	50	27204	\N	2017-10-25 15:34:59
2956	5	1	\N	94	58	50	27204	\N	2017-10-25 15:34:59
2957	5	1	\N	94	58	50	27204	\N	2017-10-25 15:34:59
2958	5	1	\N	94	58	50	27204	\N	2017-10-25 15:34:59
2959	6	1	\n\n---------------------------------------------------------------------\nNew note added on 2017 Apr 20 11:59:50 by Leila\n---------------------------------------------------------------------\nTestingJust testing	95	\N	56	12345	\N	2017-10-25 15:34:59
2960	6	1	\n\n---------------------------------------------------------------------\nNew note added on 2017 Apr 20 11:59:50 by Leila\n---------------------------------------------------------------------\nTesting	95	\N	56	12345	\N	2017-10-25 15:34:59
2961	6	1	\n\n---------------------------------------------------------------------\nNew note added on 2017 Apr 20 11:59:50 by Leila\n---------------------------------------------------------------------\nTesting	95	\N	56	12345	\N	2017-10-25 15:34:59
2962	6	1	\n\n---------------------------------------------------------------------\nNew note added on 2017 Apr 20 11:59:50 by Leila\n---------------------------------------------------------------------\nTesting	95	\N	56	12345	\N	2017-10-25 15:34:59
2963	6	1	\n\n---------------------------------------------------------------------\nNew note added on 2017 Apr 20 11:59:50 by Leila\n---------------------------------------------------------------------\nTesting	95	\N	56	12345	\N	2017-10-25 15:34:59
2964	6	1	\n\n---------------------------------------------------------------------\nNew note added on 2017 Apr 20 11:59:50 by Leila\n---------------------------------------------------------------------\nTesting	95	\N	56	12345	\N	2017-10-25 15:34:59
2965	5	1	\n\n---------------------------------------------------------------------\nNew note added on 2017 Apr 20 11:59:50 by Leila\n---------------------------------------------------------------------\nTesting	95	\N	56	12345	\N	2017-10-25 15:34:59
2966	6	1	\n\n---------------------------------------------------------------------\nNew note added on 2017 Apr 20 11:59:50 by Leila\n---------------------------------------------------------------------\nTesting	95	\N	56	12345	\N	2017-10-25 15:34:59
2967	6	1	\n\n---------------------------------------------------------------------\nNew note added on 2017 Apr 20 11:59:50 by Leila\n---------------------------------------------------------------------\nTesting	95	\N	56	12345	\N	2017-10-25 15:34:59
2968	6	1	\n\n---------------------------------------------------------------------\nNew note added on 2017 Apr 20 11:59:50 by Leila\n---------------------------------------------------------------------\nTesting	95	\N	56	12345	\N	2017-10-25 15:34:59
2979	5	1	\N	97	\N	61	SCHOTT	\N	2017-10-25 15:34:59
2980	5	1	\N	97	\N	61	SCHOTT	\N	2017-10-25 15:34:59
2981	5	1	\N	97	\N	61	SCHOTT	\N	2017-10-25 15:34:59
2982	5	1	\N	97	\N	61	SCHOTT	\N	2017-10-25 15:34:59
2983	5	1	\N	97	\N	61	SCHOTT	\N	2017-10-25 15:34:59
2984	5	1	\N	97	\N	61	SCHOTT	\N	2017-10-25 15:34:59
2985	5	1	\N	97	\N	61	SCHOTT	\N	2017-10-25 15:34:59
2986	5	1	\N	97	\N	61	SCHOTT	\N	2017-10-25 15:34:59
2987	5	1	\N	97	\N	61	SCHOTT	\N	2017-10-25 15:34:59
2988	5	1	\n\n---------------------------------------------------------------------\nNew note added on 2017 Apr 21 11:02:04 by Leila\n---------------------------------------------------------------------\nStored in small blue boxes for SC block to be cut week of 4/24/16used for SC blocks to be cut week of 4/24/16	97	\N	58	SCHOTT	\N	2017-10-25 15:34:59
2989	5	1	\n\n---------------------------------------------------------------------\nNew note added on 2017 Apr 21 11:02:04 by Leila\n---------------------------------------------------------------------\nStored in small blue boxes for SC block to be cut week of 4/24/16	97	\N	58	SCHOTT	\N	2017-10-25 15:34:59
2990	5	1	\n\n---------------------------------------------------------------------\nNew note added on 2017 Apr 21 11:02:04 by Leila\n---------------------------------------------------------------------\nStored in small blue boxes for SC block to be cut week of 4/24/16	97	\N	58	SCHOTT	\N	2017-10-25 15:34:59
2991	5	1	\n\n---------------------------------------------------------------------\nNew note added on 2017 Apr 21 11:02:04 by Leila\n---------------------------------------------------------------------\nStored in small blue boxes for SC block to be cut week of 4/24/16	97	\N	58	SCHOTT	\N	2017-10-25 15:34:59
2992	5	1	\n\n---------------------------------------------------------------------\nNew note added on 2017 Apr 21 11:02:04 by Leila\n---------------------------------------------------------------------\nStored in small blue boxes for SC block to be cut week of 4/24/16	97	\N	58	SCHOTT	\N	2017-10-25 15:34:59
2993	5	1	\n\n---------------------------------------------------------------------\nNew note added on 2017 Apr 21 11:02:04 by Leila\n---------------------------------------------------------------------\nStored in small blue boxes for SC block to be cut week of 4/24/16	97	\N	58	SCHOTT	\N	2017-10-25 15:34:59
2994	5	1	\n\n---------------------------------------------------------------------\nNew note added on 2017 Apr 21 11:01:18 by Leila\n---------------------------------------------------------------------\nUsed as last 10 in series 3 cutting.Used as the last ten in series 3 cutting 	97	\N	57	SCHOTT	\N	2017-10-25 15:34:59
2995	5	1	\n\n---------------------------------------------------------------------\nNew note added on 2017 Apr 21 11:01:18 by Leila\n---------------------------------------------------------------------\nUsed as last 10 in series 3 cutting.	97	\N	57	SCHOTT	\N	2017-10-25 15:34:59
2996	5	1	\n\n---------------------------------------------------------------------\nNew note added on 2017 Apr 21 11:01:18 by Leila\n---------------------------------------------------------------------\nUsed as last 10 in series 3 cutting.	97	\N	57	SCHOTT	\N	2017-10-25 15:34:59
2997	5	1	\n\n---------------------------------------------------------------------\nNew note added on 2017 Apr 21 11:01:18 by Leila\n---------------------------------------------------------------------\nUsed as last 10 in series 3 cutting.	97	\N	57	SCHOTT	\N	2017-10-25 15:34:59
2998	5	1	\n\n---------------------------------------------------------------------\nNew note added on 2017 Apr 21 11:01:18 by Leila\n---------------------------------------------------------------------\nUsed as last 10 in series 3 cutting.	97	\N	57	SCHOTT	\N	2017-10-25 15:34:59
2999	5	1	\n\n---------------------------------------------------------------------\nNew note added on 2017 Apr 21 11:01:18 by Leila\n---------------------------------------------------------------------\nUsed as last 10 in series 3 cutting.	97	\N	57	SCHOTT	\N	2017-10-25 15:34:59
3000	5	1	\n\n---------------------------------------------------------------------\nNew note added on 2017 Apr 21 11:01:18 by Leila\n---------------------------------------------------------------------\nUsed as last 10 in series 3 cutting.	97	\N	57	SCHOTT	\N	2017-10-25 15:34:59
3001	5	1	\n\n---------------------------------------------------------------------\nNew note added on 2017 Apr 21 11:01:18 by Leila\n---------------------------------------------------------------------\nUsed as last 10 in series 3 cutting.	97	\N	57	SCHOTT	\N	2017-10-25 15:34:59
3002	5	1	\n\n---------------------------------------------------------------------\nNew note added on 2017 Apr 21 11:01:18 by Leila\n---------------------------------------------------------------------\nUsed as last 10 in series 3 cutting.	97	\N	57	SCHOTT	\N	2017-10-25 15:34:59
3003	5	1	\n\n---------------------------------------------------------------------\nNew note added on 2017 Apr 21 11:01:18 by Leila\n---------------------------------------------------------------------\nUsed as last 10 in series 3 cutting.	97	\N	57	SCHOTT	\N	2017-10-25 15:34:59
3004	5	1	\N	98	65	60	1234	\N	2017-10-25 15:34:59
3005	5	1	\N	98	65	60	1234	\N	2017-10-25 15:34:59
3006	5	1	\N	99	\N	90	SCHOTT	\N	2017-10-25 15:34:59
3007	5	1	\N	99	\N	90	SCHOTT	\N	2017-10-25 15:34:59
3008	5	1	\N	99	\N	90	SCHOTT	\N	2017-10-25 15:34:59
3009	5	1	\N	99	\N	90	SCHOTT	\N	2017-10-25 15:34:59
3010	5	1	\N	99	\N	90	SCHOTT	\N	2017-10-25 15:34:59
3011	5	1	\N	99	\N	90	SCHOTT	\N	2017-10-25 15:34:59
3012	5	1	\N	99	\N	90	SCHOTT	\N	2017-10-25 15:34:59
3013	5	1	\N	99	\N	89	SCHOTT	\N	2017-10-25 15:34:59
3014	5	1	\N	99	\N	89	SCHOTT	\N	2017-10-25 15:34:59
3015	5	1	\N	99	\N	89	SCHOTT	\N	2017-10-25 15:34:59
3016	5	1	\N	99	\N	89	SCHOTT	\N	2017-10-25 15:34:59
3017	5	1	\N	99	\N	89	SCHOTT	\N	2017-10-25 15:34:59
3018	5	1	\N	99	\N	89	SCHOTT	\N	2017-10-25 15:34:59
3019	5	1	\N	99	\N	89	SCHOTT	\N	2017-10-25 15:34:59
3020	5	1	\N	99	\N	89	SCHOTT	\N	2017-10-25 15:34:59
3021	5	1	\N	99	\N	89	SCHOTT	\N	2017-10-25 15:34:59
3022	5	1	\N	99	\N	89	SCHOTT	\N	2017-10-25 15:34:59
3023	5	1	\N	99	\N	88	SCHOTT	\N	2017-10-25 15:34:59
3024	5	1	\N	99	\N	88	SCHOTT	\N	2017-10-25 15:34:59
3025	5	1	\N	99	\N	88	SCHOTT	\N	2017-10-25 15:34:59
3026	5	1	\N	99	\N	88	SCHOTT	\N	2017-10-25 15:34:59
3027	5	1	\N	99	\N	88	SCHOTT	\N	2017-10-25 15:34:59
3028	5	1	\N	99	\N	88	SCHOTT	\N	2017-10-25 15:34:59
3029	5	1	\N	99	\N	87	SCHOTT	\N	2017-10-25 15:34:59
3030	5	1	\N	99	\N	87	SCHOTT	\N	2017-10-25 15:34:59
3031	5	1	\N	99	\N	87	SCHOTT	\N	2017-10-25 15:34:59
3032	5	1	\N	99	\N	87	SCHOTT	\N	2017-10-25 15:34:59
3033	5	1	\N	99	\N	87	SCHOTT	\N	2017-10-25 15:34:59
3034	5	1	\N	99	\N	87	SCHOTT	\N	2017-10-25 15:34:59
3035	5	1	\N	99	\N	87	SCHOTT	\N	2017-10-25 15:34:59
3036	5	1	\N	99	\N	87	SCHOTT	\N	2017-10-25 15:34:59
3037	5	1	\N	99	\N	87	SCHOTT	\N	2017-10-25 15:34:59
3038	5	1	\N	99	\N	87	SCHOTT	\N	2017-10-25 15:34:59
3039	6	1	\N	99	\N	86	SCHOTT	\N	2017-10-25 15:34:59
3040	5	1	\N	99	\N	86	SCHOTT	\N	2017-10-25 15:34:59
3041	5	1	\N	99	\N	86	SCHOTT	\N	2017-10-25 15:34:59
3042	5	1	\N	99	\N	86	SCHOTT	\N	2017-10-25 15:34:59
3043	5	1	\N	99	\N	86	SCHOTT	\N	2017-10-25 15:34:59
3044	5	1	\N	99	\N	86	SCHOTT	\N	2017-10-25 15:34:59
3045	5	1	\N	99	\N	86	SCHOTT	\N	2017-10-25 15:34:59
3046	5	1	\N	99	\N	86	SCHOTT	\N	2017-10-25 15:34:59
3047	5	1	\N	99	\N	86	SCHOTT	\N	2017-10-25 15:34:59
3048	5	1	\N	99	\N	86	SCHOTT	\N	2017-10-25 15:34:59
3049	5	1	\N	99	\N	85	SCHOTT	\N	2017-10-25 15:34:59
3050	5	1	\N	99	\N	85	SCHOTT	\N	2017-10-25 15:34:59
3051	5	1	\N	99	\N	85	SCHOTT	\N	2017-10-25 15:34:59
3052	5	1	\N	99	\N	85	SCHOTT	\N	2017-10-25 15:34:59
3053	5	1	\N	99	\N	85	SCHOTT	\N	2017-10-25 15:34:59
3054	5	1	\N	99	\N	85	SCHOTT	\N	2017-10-25 15:34:59
3055	5	1	\N	99	\N	85	SCHOTT	\N	2017-10-25 15:34:59
3056	5	1	\N	99	\N	85	SCHOTT	\N	2017-10-25 15:34:59
3057	5	1	\N	99	\N	85	SCHOTT	\N	2017-10-25 15:34:59
3058	5	1	\N	99	\N	85	SCHOTT	\N	2017-10-25 15:34:59
3059	5	1	\N	99	\N	85	SCHOTT	\N	2017-10-25 15:34:59
3060	5	1	\N	99	\N	85	SCHOTT	\N	2017-10-25 15:34:59
3061	5	1	\N	99	\N	85	SCHOTT	\N	2017-10-25 15:34:59
3062	5	1	\N	99	\N	85	SCHOTT	\N	2017-10-25 15:34:59
3063	5	1	\N	99	\N	84	SCHOTT	\N	2017-10-25 15:34:59
3064	5	1	\N	99	\N	84	SCHOTT	\N	2017-10-25 15:34:59
3065	6	1	\N	99	\N	84	SCHOTT	\N	2017-10-25 15:34:59
3066	5	1	\N	99	\N	84	SCHOTT	\N	2017-10-25 15:34:59
3067	5	1	\N	99	\N	84	SCHOTT	\N	2017-10-25 15:34:59
3068	5	1	\N	99	\N	84	SCHOTT	\N	2017-10-25 15:34:59
3069	5	1	\N	99	\N	84	SCHOTT	\N	2017-10-25 15:34:59
3070	5	1	\N	99	\N	84	SCHOTT	\N	2017-10-25 15:34:59
3071	5	1	\N	99	\N	84	SCHOTT	\N	2017-10-25 15:34:59
3072	5	1	\N	99	\N	84	SCHOTT	\N	2017-10-25 15:34:59
3073	5	1	\N	99	\N	84	SCHOTT	\N	2017-10-25 15:34:59
3074	5	1	\N	99	\N	84	SCHOTT	\N	2017-10-25 15:34:59
3075	5	1	\N	99	\N	84	SCHOTT	\N	2017-10-25 15:34:59
3076	5	1	\N	99	79	76	SCHOTT	\N	2017-10-25 15:34:59
3077	5	1	\N	99	79	76	SCHOTT	\N	2017-10-25 15:34:59
3078	5	1	\N	99	79	76	SCHOTT	\N	2017-10-25 15:34:59
3079	5	1	\N	99	79	76	SCHOTT	\N	2017-10-25 15:34:59
3080	5	1	\N	99	79	76	SCHOTT	\N	2017-10-25 15:34:59
3081	5	1	\N	99	79	76	SCHOTT	\N	2017-10-25 15:34:59
3082	5	1	\N	99	79	76	SCHOTT	\N	2017-10-25 15:34:59
3083	5	1	\N	99	79	76	SCHOTT	\N	2017-10-25 15:34:59
3084	5	1	\N	99	79	76	SCHOTT	\N	2017-10-25 15:34:59
3085	5	1	\N	99	79	76	SCHOTT	\N	2017-10-25 15:34:59
3086	5	1	\N	99	78	75	SCHOTT	\N	2017-10-25 15:34:59
3087	5	1	\N	99	78	75	SCHOTT	\N	2017-10-25 15:34:59
3088	5	1	\N	99	78	75	SCHOTT	\N	2017-10-25 15:34:59
3089	5	1	\N	99	78	75	SCHOTT	\N	2017-10-25 15:34:59
3090	5	1	\N	99	78	75	SCHOTT	\N	2017-10-25 15:34:59
3091	5	1	\N	99	78	75	SCHOTT	\N	2017-10-25 15:34:59
3092	5	1	\N	99	78	75	SCHOTT	\N	2017-10-25 15:34:59
3093	5	1	\N	99	78	75	SCHOTT	\N	2017-10-25 15:34:59
3094	5	1	\N	99	78	75	SCHOTT	\N	2017-10-25 15:34:59
3095	5	1	\N	99	78	75	SCHOTT	\N	2017-10-25 15:34:59
3096	5	1	\N	99	77	74	SCHOTT	\N	2017-10-25 15:34:59
3097	5	1	\N	99	77	74	SCHOTT	\N	2017-10-25 15:34:59
3098	5	1	\N	99	77	74	SCHOTT	\N	2017-10-25 15:34:59
3099	5	1	\N	99	77	74	SCHOTT	\N	2017-10-25 15:34:59
3100	5	1	\N	99	77	74	SCHOTT	\N	2017-10-25 15:34:59
3101	5	1	\N	99	77	74	SCHOTT	\N	2017-10-25 15:34:59
3102	5	1	\N	99	77	74	SCHOTT	\N	2017-10-25 15:34:59
3103	5	1	\N	99	77	74	SCHOTT	\N	2017-10-25 15:34:59
3104	5	1	\N	99	77	74	SCHOTT	\N	2017-10-25 15:34:59
3105	5	1	\N	99	77	74	SCHOTT	\N	2017-10-25 15:34:59
3106	6	1	\N	99	74	71	SCHOTT	\N	2017-10-25 15:34:59
3107	6	1	\N	99	74	71	SCHOTT	\N	2017-10-25 15:34:59
3108	6	1	\N	99	74	71	SCHOTT	\N	2017-10-25 15:34:59
3109	6	1	\N	99	74	71	SCHOTT	\N	2017-10-25 15:34:59
3110	6	1	\N	99	74	71	SCHOTT	\N	2017-10-25 15:34:59
3111	6	1	\N	99	74	71	SCHOTT	\N	2017-10-25 15:34:59
3112	6	1	\N	99	74	71	SCHOTT	\N	2017-10-25 15:34:59
3113	6	1	\N	99	74	71	SCHOTT	\N	2017-10-25 15:34:59
3114	6	1	\N	99	74	71	SCHOTT	\N	2017-10-25 15:34:59
3115	6	1	\N	99	74	71	SCHOTT	\N	2017-10-25 15:34:59
3116	6	1	\N	99	73	70	SCHOTT	\N	2017-10-25 15:34:59
3117	6	1	\N	99	73	70	SCHOTT	\N	2017-10-25 15:34:59
3118	6	1	\N	99	73	70	SCHOTT	\N	2017-10-25 15:34:59
3119	6	1	\N	99	73	70	SCHOTT	\N	2017-10-25 15:34:59
3120	6	1	\N	99	73	70	SCHOTT	\N	2017-10-25 15:34:59
3121	6	1	\N	99	72	69	SCHOTT	\N	2017-10-25 15:34:59
3122	6	1	\N	99	72	69	SCHOTT	\N	2017-10-25 15:34:59
3123	6	1	\N	99	72	69	SCHOTT	\N	2017-10-25 15:34:59
3124	6	1	\N	99	72	69	SCHOTT	\N	2017-10-25 15:34:59
3125	6	1	\N	99	72	69	SCHOTT	\N	2017-10-25 15:34:59
3126	5	1	\N	99	71	66	SCHOTT	\N	2017-10-25 15:34:59
3127	5	1	\N	99	71	66	SCHOTT	\N	2017-10-25 15:34:59
3128	5	1	\N	99	71	66	SCHOTT	\N	2017-10-25 15:34:59
3129	5	1	\N	99	71	66	SCHOTT	\N	2017-10-25 15:34:59
3130	5	1	\N	99	71	66	SCHOTT	\N	2017-10-25 15:34:59
3131	6	1	\N	99	76	73	SCHOTT	\N	2017-10-25 15:34:59
3132	6	1	\N	99	76	73	SCHOTT	\N	2017-10-25 15:34:59
3133	6	1	\N	99	76	73	SCHOTT	\N	2017-10-25 15:34:59
3134	6	1	\N	99	76	73	SCHOTT	\N	2017-10-25 15:34:59
3135	6	1	\N	99	76	73	SCHOTT	\N	2017-10-25 15:34:59
3136	6	1	\N	99	69	65	SCHOTT	\N	2017-10-25 15:34:59
3137	6	1	\N	99	69	65	SCHOTT	\N	2017-10-25 15:34:59
3138	6	1	\N	99	69	65	SCHOTT	\N	2017-10-25 15:34:59
3139	6	1	\N	99	69	65	SCHOTT	\N	2017-10-25 15:34:59
3140	6	1	\N	99	69	65	SCHOTT	\N	2017-10-25 15:34:59
3141	5	1	\N	99	69	65	SCHOTT	\N	2017-10-25 15:34:59
3142	5	1	\N	99	69	65	SCHOTT	\N	2017-10-25 15:34:59
3143	5	1	\N	99	69	65	SCHOTT	\N	2017-10-25 15:34:59
3144	5	1	\N	99	69	65	SCHOTT	\N	2017-10-25 15:34:59
3145	5	1	\N	99	69	65	SCHOTT	\N	2017-10-25 15:34:59
3146	5	1	\N	99	68	64	SCHOTT	\N	2017-10-25 15:34:59
3147	5	1	\N	99	68	64	SCHOTT	\N	2017-10-25 15:34:59
3148	5	1	\N	99	68	64	SCHOTT	\N	2017-10-25 15:34:59
3149	5	1	\N	99	68	64	SCHOTT	\N	2017-10-25 15:34:59
3150	5	1	\N	99	68	64	SCHOTT	\N	2017-10-25 15:34:59
3151	6	1	\N	99	68	64	SCHOTT	\N	2017-10-25 15:34:59
3152	6	1	\N	99	68	64	SCHOTT	\N	2017-10-25 15:34:59
3153	6	1	\N	99	68	64	SCHOTT	\N	2017-10-25 15:34:59
3154	6	1	\N	99	68	64	SCHOTT	\N	2017-10-25 15:34:59
3155	6	1	\N	99	68	64	SCHOTT	\N	2017-10-25 15:34:59
3156	5	1	\N	99	67	63	SCHOTT	\N	2017-10-25 15:34:59
3157	5	1	\N	99	67	63	SCHOTT	\N	2017-10-25 15:34:59
3158	5	1	\N	99	67	63	SCHOTT	\N	2017-10-25 15:34:59
3159	5	1	\N	99	67	63	SCHOTT	\N	2017-10-25 15:34:59
3160	5	1	\N	99	67	63	SCHOTT	\N	2017-10-25 15:34:59
3161	5	1	\N	99	67	63	SCHOTT	\N	2017-10-25 15:34:59
3162	5	1	\N	99	67	63	SCHOTT	\N	2017-10-25 15:34:59
3163	5	1	\N	99	67	63	SCHOTT	\N	2017-10-25 15:34:59
3164	5	1	\N	99	67	63	SCHOTT	\N	2017-10-25 15:34:59
3165	5	1	\N	99	67	63	SCHOTT	\N	2017-10-25 15:34:59
3166	6	1	\N	99	75	72	SCHOTT	\N	2017-10-25 15:34:59
3167	6	1	\N	99	75	72	SCHOTT	\N	2017-10-25 15:34:59
3168	6	1	\N	99	75	72	SCHOTT	\N	2017-10-25 15:34:59
3169	6	1	\N	99	75	72	SCHOTT	\N	2017-10-25 15:34:59
3170	6	1	\N	99	75	72	SCHOTT	\N	2017-10-25 15:34:59
3171	5	1	\N	99	66	62	SCHOTT	\N	2017-10-25 15:34:59
3172	5	1	\N	99	66	62	SCHOTT	\N	2017-10-25 15:34:59
3173	5	1	\N	99	66	62	SCHOTT	\N	2017-10-25 15:34:59
3174	5	1	\N	99	66	62	SCHOTT	\N	2017-10-25 15:34:59
3175	5	1	\N	99	66	62	SCHOTT	\N	2017-10-25 15:34:59
3176	1	1	\N	100	\N	\N	27204	\N	2017-10-25 15:34:59
3177	1	1	\N	100	\N	\N	27204	\N	2017-10-25 15:34:59
3178	1	1	\N	100	\N	\N	27204	\N	2017-10-25 15:34:59
3179	1	1	\N	100	\N	\N	27204	\N	2017-10-25 15:34:59
3180	1	1	\N	100	\N	\N	27204	\N	2017-10-25 15:34:59
3181	1	1	\N	100	\N	\N	27204	\N	2017-10-25 15:34:59
3182	1	1	\N	100	\N	\N	27204	\N	2017-10-25 15:34:59
3183	1	1	\N	100	\N	\N	27204	\N	2017-10-25 15:34:59
3184	1	1	\N	100	\N	\N	27204	\N	2017-10-25 15:34:59
3185	1	1	\N	100	\N	\N	27204	\N	2017-10-25 15:34:59
3186	1	1	\N	100	\N	\N	27204	\N	2017-10-25 15:34:59
3187	1	1	\N	100	\N	\N	27204	\N	2017-10-25 15:34:59
3188	1	1	\N	100	\N	\N	27204	\N	2017-10-25 15:34:59
3189	1	1	\N	100	\N	\N	27204	\N	2017-10-25 15:34:59
3190	1	1	\N	100	\N	\N	27204	\N	2017-10-25 15:34:59
3191	1	1	\N	100	\N	\N	27204	\N	2017-10-25 15:34:59
3192	1	1	\N	100	\N	\N	27204	\N	2017-10-25 15:34:59
3193	1	1	\N	100	\N	\N	27204	\N	2017-10-25 15:34:59
3194	1	1	\N	100	\N	\N	27204	\N	2017-10-25 15:34:59
3195	1	1	\N	100	\N	\N	27204	\N	2017-10-25 15:34:59
3196	1	1	\N	100	\N	\N	27204	\N	2017-10-25 15:34:59
3197	1	1	\N	100	\N	\N	27204	\N	2017-10-25 15:34:59
3198	1	1	\N	100	\N	\N	27204	\N	2017-10-25 15:34:59
3199	1	1	\N	100	\N	\N	27204	\N	2017-10-25 15:34:59
3200	1	1	\N	100	\N	\N	27204	\N	2017-10-25 15:34:59
3201	1	1	\N	100	\N	\N	27204	\N	2017-10-25 15:34:59
3202	1	1	\N	100	\N	\N	27204	\N	2017-10-25 15:34:59
3203	1	1	\N	100	\N	\N	27204	\N	2017-10-25 15:34:59
3204	1	1	\N	100	\N	\N	27204	\N	2017-10-25 15:34:59
3205	1	1	\N	100	\N	\N	27204	\N	2017-10-25 15:34:59
3206	1	1	\N	100	\N	\N	27204	\N	2017-10-25 15:34:59
3207	1	1	\N	100	\N	\N	27204	\N	2017-10-25 15:34:59
3208	1	1	\N	100	\N	\N	27204	\N	2017-10-25 15:34:59
3209	1	1	\N	100	\N	\N	27204	\N	2017-10-25 15:34:59
3210	1	1	\N	100	\N	\N	27204	\N	2017-10-25 15:34:59
3211	1	1	\N	100	\N	\N	27204	\N	2017-10-25 15:34:59
3212	1	1	\N	100	\N	\N	27204	\N	2017-10-25 15:34:59
3213	1	1	\N	100	\N	\N	27204	\N	2017-10-25 15:34:59
3214	1	1	\N	100	\N	\N	27204	\N	2017-10-25 15:34:59
3215	1	1	\N	100	\N	\N	27204	\N	2017-10-25 15:34:59
3216	1	1	\N	100	\N	\N	27204	\N	2017-10-25 15:34:59
3217	5	1	\N	100	\N	101	27204	\N	2017-10-25 15:34:59
3218	5	1	\N	100	\N	101	27204	\N	2017-10-25 15:34:59
3219	5	1	\N	100	\N	101	27204	\N	2017-10-25 15:34:59
3220	5	1	\N	100	\N	101	27204	\N	2017-10-25 15:34:59
3221	5	1	\N	100	\N	101	27204	\N	2017-10-25 15:34:59
3222	5	1	\N	100	\N	100	27204	\N	2017-10-25 15:34:59
3223	5	1	\N	100	\N	100	27204	\N	2017-10-25 15:34:59
3224	5	1	\N	100	\N	100	27204	\N	2017-10-25 15:34:59
3225	5	1	\N	100	\N	100	27204	\N	2017-10-25 15:34:59
3226	5	1	\N	100	\N	100	27204	\N	2017-10-25 15:34:59
3227	5	1	\N	100	\N	100	27204	\N	2017-10-25 15:34:59
3228	5	1	\N	100	\N	100	27204	\N	2017-10-25 15:34:59
3229	5	1	\N	100	\N	100	27204	\N	2017-10-25 15:34:59
3230	5	1	\N	100	\N	99	27204	\N	2017-10-25 15:34:59
3231	5	1	\N	100	\N	98	27204	\N	2017-10-25 15:34:59
3232	5	1	\N	100	\N	98	27204	\N	2017-10-25 15:34:59
3233	5	1	\N	100	\N	98	27204	\N	2017-10-25 15:34:59
3234	5	1	\N	100	\N	98	27204	\N	2017-10-25 15:34:59
3235	5	1	\N	100	\N	98	27204	\N	2017-10-25 15:34:59
3236	5	1	\N	100	\N	98	27204	\N	2017-10-25 15:34:59
3237	5	1	\N	100	\N	98	27204	\N	2017-10-25 15:34:59
3238	5	1	\N	100	\N	98	27204	\N	2017-10-25 15:34:59
3239	5	1	\N	100	\N	98	27204	\N	2017-10-25 15:34:59
3240	5	1	\N	100	\N	98	27204	\N	2017-10-25 15:34:59
3241	5	1	\N	100	\N	98	27204	\N	2017-10-25 15:34:59
3242	5	1	\N	100	\N	98	27204	\N	2017-10-25 15:34:59
3243	5	1	\N	100	\N	97	27204	\N	2017-10-25 15:34:59
3244	5	1	\N	100	\N	97	27204	\N	2017-10-25 15:34:59
3245	5	1	\N	100	\N	97	27204	\N	2017-10-25 15:34:59
3246	5	1	\N	100	\N	97	27204	\N	2017-10-25 15:34:59
3247	5	1	\N	100	\N	97	27204	\N	2017-10-25 15:34:59
3248	5	1	\N	100	\N	97	27204	\N	2017-10-25 15:34:59
3249	5	1	\N	100	\N	97	27204	\N	2017-10-25 15:34:59
3250	5	1	\N	100	\N	97	27204	\N	2017-10-25 15:34:59
3251	5	1	\N	100	\N	97	27204	\N	2017-10-25 15:34:59
3252	5	1	\N	100	\N	97	27204	\N	2017-10-25 15:34:59
3253	5	1	\N	100	\N	97	27204	\N	2017-10-25 15:34:59
3254	5	1	\N	100	\N	97	27204	\N	2017-10-25 15:34:59
3255	5	1	\N	100	\N	97	27204	\N	2017-10-25 15:34:59
3256	5	1	\N	100	70	68	27204	\N	2017-10-25 15:34:59
3257	5	1	\N	100	70	68	27204	\N	2017-10-25 15:34:59
3258	5	1	\N	100	70	68	27204	\N	2017-10-25 15:34:59
3259	5	1	\N	100	70	68	27204	\N	2017-10-25 15:34:59
3260	5	1	\N	100	70	68	27204	\N	2017-10-25 15:34:59
3261	5	1	\N	100	70	68	27204	\N	2017-10-25 15:34:59
3262	5	1	\N	100	70	68	27204	\N	2017-10-25 15:34:59
3263	5	1	\N	100	70	68	27204	\N	2017-10-25 15:34:59
3264	5	1	\N	100	70	68	27204	\N	2017-10-25 15:34:59
3265	5	1	\N	100	70	68	27204	\N	2017-10-25 15:34:59
3266	5	1	\N	100	70	67	27204	\N	2017-10-25 15:34:59
3267	5	1	\N	100	70	67	27204	\N	2017-10-25 15:34:59
3268	5	1	\N	100	70	67	27204	\N	2017-10-25 15:34:59
3269	5	1	\N	100	70	67	27204	\N	2017-10-25 15:34:59
3270	5	1	\N	100	70	67	27204	\N	2017-10-25 15:34:59
3271	5	1	\N	100	70	67	27204	\N	2017-10-25 15:34:59
3272	5	1	\N	100	70	67	27204	\N	2017-10-25 15:34:59
3273	5	1	\N	100	70	67	27204	\N	2017-10-25 15:34:59
3274	5	1	\N	100	70	67	27204	\N	2017-10-25 15:34:59
3275	5	1	\N	100	70	67	27204	\N	2017-10-25 15:34:59
3276	8	2	\N	101	\N	\N	4321	\N	2017-10-25 15:34:59
3277	8	2	\N	101	\N	\N	4321	\N	2017-10-25 15:34:59
3278	8	2	\N	101	\N	\N	4321	\N	2017-10-25 15:34:59
3279	8	2	\N	101	\N	\N	4321	\N	2017-10-25 15:34:59
3280	8	2	\N	101	\N	\N	4321	\N	2017-10-25 15:34:59
3281	8	2	\N	101	\N	\N	4321	\N	2017-10-25 15:34:59
3282	8	2	\N	101	\N	\N	4321	\N	2017-10-25 15:34:59
3283	8	2	\N	101	\N	\N	4321	\N	2017-10-25 15:34:59
3284	8	2	\N	101	\N	\N	4321	\N	2017-10-25 15:34:59
3285	8	2	\N	101	\N	\N	4321	\N	2017-10-25 15:34:59
3286	8	2	\N	101	\N	\N	4321	\N	2017-10-25 15:34:59
3287	8	2	\N	101	\N	\N	4321	\N	2017-10-25 15:34:59
3288	8	2	\N	101	\N	\N	4321	\N	2017-10-25 15:34:59
3289	8	2	\N	101	\N	\N	4321	\N	2017-10-25 15:34:59
3290	8	2	\N	101	\N	\N	4321	\N	2017-10-25 15:34:59
3291	8	2	\N	101	\N	\N	4321	\N	2017-10-25 15:34:59
3292	8	2	\N	101	\N	\N	4321	\N	2017-10-25 15:34:59
3293	8	2	\N	101	\N	\N	4321	\N	2017-10-25 15:34:59
3294	8	2	\N	101	\N	\N	4321	\N	2017-10-25 15:34:59
3295	8	2	\N	101	\N	\N	4321	\N	2017-10-25 15:34:59
3296	5	2	\N	102	\N	81	???	\N	2017-10-25 15:34:59
3297	5	2	\N	102	\N	79	???	\N	2017-10-25 15:34:59
3298	5	2	\N	102	\N	79	???	\N	2017-10-25 15:34:59
3299	5	2	\N	102	\N	79	???	\N	2017-10-25 15:34:59
3300	5	2	\N	102	\N	79	???	\N	2017-10-25 15:34:59
3301	5	2	\N	102	\N	79	???	\N	2017-10-25 15:34:59
3302	5	2	\N	102	\N	79	???	\N	2017-10-25 15:34:59
3303	5	2	\N	102	\N	79	???	\N	2017-10-25 15:34:59
3304	5	2	\N	102	\N	79	???	\N	2017-10-25 15:34:59
3305	5	2	\N	102	\N	79	???	\N	2017-10-25 15:34:59
3306	5	2	\N	103	\N	83	DW-789-3	\N	2017-10-25 15:34:59
3307	5	2	\N	103	\N	83	DW-789-3	\N	2017-10-25 15:34:59
3308	5	2	\N	103	\N	83	DW-789-3	\N	2017-10-25 15:34:59
3309	5	2	\N	103	\N	83	DW-789-3	\N	2017-10-25 15:34:59
3310	5	2	\N	103	\N	83	DW-789-3	\N	2017-10-25 15:34:59
3311	5	2	\N	103	\N	83	DW-789-3	\N	2017-10-25 15:34:59
3312	5	2	\N	103	\N	83	DW-789-3	\N	2017-10-25 15:34:59
3313	5	2	\N	103	\N	83	DW-789-3	\N	2017-10-25 15:34:59
3314	5	2	\N	103	\N	83	DW-789-3	\N	2017-10-25 15:34:59
3315	5	2	\N	103	\N	83	DW-789-3	\N	2017-10-25 15:34:59
3316	5	2	\N	103	\N	83	DW-789-3	\N	2017-10-25 15:34:59
3317	5	2	\N	103	\N	83	DW-789-3	\N	2017-10-25 15:34:59
3318	5	2	\N	103	\N	83	DW-789-3	\N	2017-10-25 15:34:59
3319	5	2	\N	103	\N	83	DW-789-3	\N	2017-10-25 15:34:59
3320	5	2	\N	103	\N	83	DW-789-3	\N	2017-10-25 15:34:59
3321	5	2	\N	103	\N	83	DW-789-3	\N	2017-10-25 15:34:59
3322	5	2	\N	103	\N	83	DW-789-3	\N	2017-10-25 15:34:59
3323	5	2	\N	103	\N	83	DW-789-3	\N	2017-10-25 15:34:59
3324	5	2	\N	103	\N	83	DW-789-3	\N	2017-10-25 15:34:59
3325	5	2	\N	103	\N	83	DW-789-3	\N	2017-10-25 15:34:59
3326	5	2	\N	103	\N	83	DW-789-3	\N	2017-10-25 15:34:59
3327	5	2	\N	103	\N	83	DW-789-3	\N	2017-10-25 15:34:59
3328	5	2	\N	103	\N	83	DW-789-3	\N	2017-10-25 15:34:59
3329	5	2	\N	103	\N	83	DW-789-3	\N	2017-10-25 15:34:59
3330	5	2	\N	103	\N	83	DW-789-3	\N	2017-10-25 15:34:59
3331	5	2	\N	103	\N	83	DW-789-3	\N	2017-10-25 15:34:59
3332	5	2	\N	103	\N	83	DW-789-3	\N	2017-10-25 15:34:59
3333	5	2	\N	103	\N	83	DW-789-3	\N	2017-10-25 15:34:59
3334	5	2	\N	103	\N	83	DW-789-3	\N	2017-10-25 15:34:59
3335	5	2	\N	103	\N	83	DW-789-3	\N	2017-10-25 15:34:59
3336	5	2	\N	103	\N	83	DW-789-3	\N	2017-10-25 15:34:59
3337	5	2	\N	103	\N	83	DW-789-3	\N	2017-10-25 15:34:59
3338	5	2	\N	103	\N	83	DW-789-3	\N	2017-10-25 15:34:59
3339	5	2	\N	103	\N	83	DW-789-3	\N	2017-10-25 15:34:59
3340	5	2	\N	103	\N	83	DW-789-3	\N	2017-10-25 15:34:59
3341	5	2	\N	103	\N	83	DW-789-3	\N	2017-10-25 15:34:59
3342	5	2	\N	103	\N	83	DW-789-3	\N	2017-10-25 15:34:59
3343	5	2	\N	103	\N	83	DW-789-3	\N	2017-10-25 15:34:59
3344	5	2	\N	103	\N	83	DW-789-3	\N	2017-10-25 15:34:59
3345	5	2	\N	103	\N	83	DW-789-3	\N	2017-10-25 15:34:59
3346	5	2	\N	103	\N	83	DW-789-3	\N	2017-10-25 15:34:59
3347	5	2	\N	103	\N	83	DW-789-3	\N	2017-10-25 15:34:59
3348	5	2	\N	103	\N	83	DW-789-3	\N	2017-10-25 15:34:59
3349	5	2	\N	103	\N	83	DW-789-3	\N	2017-10-25 15:34:59
3350	5	2	\N	103	\N	83	DW-789-3	\N	2017-10-25 15:34:59
3351	5	2	\N	103	\N	83	DW-789-3	\N	2017-10-25 15:34:59
3352	5	2	\N	103	\N	83	DW-789-3	\N	2017-10-25 15:34:59
3353	5	2	\N	103	\N	83	DW-789-3	\N	2017-10-25 15:34:59
3354	5	2	\N	103	\N	83	DW-789-3	\N	2017-10-25 15:34:59
3355	5	2	\N	103	\N	83	DW-789-3	\N	2017-10-25 15:34:59
3356	5	2	\N	103	\N	83	DW-789-3	\N	2017-10-25 15:34:59
3357	5	2	\N	103	\N	83	DW-789-3	\N	2017-10-25 15:34:59
3358	5	2	\N	103	\N	83	DW-789-3	\N	2017-10-25 15:34:59
3359	5	2	\N	103	\N	83	DW-789-3	\N	2017-10-25 15:34:59
3360	5	2	\N	103	\N	83	DW-789-3	\N	2017-10-25 15:34:59
3361	5	2	\N	103	\N	83	DW-789-3	\N	2017-10-25 15:34:59
3362	5	2	\N	103	\N	83	DW-789-3	\N	2017-10-25 15:34:59
3363	5	2	\N	103	\N	83	DW-789-3	\N	2017-10-25 15:34:59
3364	5	2	\N	103	\N	83	DW-789-3	\N	2017-10-25 15:34:59
3365	5	2	\N	103	\N	83	DW-789-3	\N	2017-10-25 15:34:59
3366	5	2	\N	103	\N	83	DW-789-3	\N	2017-10-25 15:34:59
3367	5	2	\N	103	\N	83	DW-789-3	\N	2017-10-25 15:34:59
3368	5	2	\N	103	\N	83	DW-789-3	\N	2017-10-25 15:34:59
3369	5	2	\N	103	\N	83	DW-789-3	\N	2017-10-25 15:34:59
3370	5	2	\N	103	\N	83	DW-789-3	\N	2017-10-25 15:34:59
3371	1	2	\N	104	\N	\N	SCHOTT	\N	2017-10-25 15:34:59
3372	1	2	\N	104	\N	\N	SCHOTT	\N	2017-10-25 15:34:59
3373	1	2	\N	104	\N	\N	SCHOTT	\N	2017-10-25 15:34:59
3374	1	2	\N	104	\N	\N	SCHOTT	\N	2017-10-25 15:34:59
3375	1	2	\N	104	\N	\N	SCHOTT	\N	2017-10-25 15:34:59
3376	1	2	\N	104	\N	\N	SCHOTT	\N	2017-10-25 15:34:59
3377	1	2	\N	104	\N	\N	SCHOTT	\N	2017-10-25 15:34:59
3378	1	2	\N	104	\N	\N	SCHOTT	\N	2017-10-25 15:34:59
3379	1	2	\N	104	\N	\N	SCHOTT	\N	2017-10-25 15:34:59
3380	1	2	\N	104	\N	\N	SCHOTT	\N	2017-10-25 15:34:59
3381	1	2	\N	104	\N	\N	SCHOTT	\N	2017-10-25 15:34:59
3382	1	2	\N	104	\N	\N	SCHOTT	\N	2017-10-25 15:34:59
3383	1	2	\N	104	\N	\N	SCHOTT	\N	2017-10-25 15:34:59
3384	1	2	\N	104	\N	\N	SCHOTT	\N	2017-10-25 15:34:59
3385	1	2	\N	104	\N	\N	SCHOTT	\N	2017-10-25 15:34:59
3386	1	2	\N	104	\N	\N	SCHOTT	\N	2017-10-25 15:34:59
3387	1	2	\N	104	\N	\N	SCHOTT	\N	2017-10-25 15:34:59
3388	1	2	\N	104	\N	\N	SCHOTT	\N	2017-10-25 15:34:59
3389	1	2	\N	104	\N	\N	SCHOTT	\N	2017-10-25 15:34:59
3390	1	2	\N	104	\N	\N	SCHOTT	\N	2017-10-25 15:34:59
3391	1	2	\N	104	\N	\N	SCHOTT	\N	2017-10-25 15:34:59
3392	1	2	\N	104	\N	\N	SCHOTT	\N	2017-10-25 15:34:59
3393	1	2	\N	104	\N	\N	SCHOTT	\N	2017-10-25 15:34:59
3394	1	2	\N	104	\N	\N	SCHOTT	\N	2017-10-25 15:34:59
3395	1	2	\N	104	\N	\N	SCHOTT	\N	2017-10-25 15:34:59
3396	1	2	\N	104	\N	\N	SCHOTT	\N	2017-10-25 15:34:59
3397	1	2	\N	104	\N	\N	SCHOTT	\N	2017-10-25 15:34:59
3398	1	2	\N	104	\N	\N	SCHOTT	\N	2017-10-25 15:34:59
3399	1	2	\N	104	\N	\N	SCHOTT	\N	2017-10-25 15:34:59
3400	1	2	\N	104	\N	\N	SCHOTT	\N	2017-10-25 15:34:59
3401	1	2	\N	104	\N	\N	SCHOTT	\N	2017-10-25 15:34:59
3402	1	2	\N	104	\N	\N	SCHOTT	\N	2017-10-25 15:34:59
3403	1	2	\N	104	\N	\N	SCHOTT	\N	2017-10-25 15:34:59
3404	1	2	\N	104	\N	\N	SCHOTT	\N	2017-10-25 15:34:59
3405	1	2	\N	104	\N	\N	SCHOTT	\N	2017-10-25 15:34:59
3406	1	2	\N	104	\N	\N	SCHOTT	\N	2017-10-25 15:34:59
3407	1	2	\N	104	\N	\N	SCHOTT	\N	2017-10-25 15:34:59
3408	5	2	\N	104	\N	92	SCHOTT	\N	2017-10-25 15:34:59
3409	5	2	\N	104	\N	92	SCHOTT	\N	2017-10-25 15:34:59
3410	5	2	\N	104	\N	92	SCHOTT	\N	2017-10-25 15:34:59
3411	5	2	\N	104	\N	92	SCHOTT	\N	2017-10-25 15:34:59
3412	5	2	\N	104	\N	92	SCHOTT	\N	2017-10-25 15:34:59
3413	5	2	\N	104	\N	92	SCHOTT	\N	2017-10-25 15:34:59
3414	5	2	\N	104	\N	92	SCHOTT	\N	2017-10-25 15:34:59
3415	5	2	\N	104	\N	92	SCHOTT	\N	2017-10-25 15:34:59
3416	5	2	\N	104	\N	92	SCHOTT	\N	2017-10-25 15:34:59
3417	5	2	\N	104	\N	92	SCHOTT	\N	2017-10-25 15:34:59
3418	5	2	\N	104	\N	91	SCHOTT	\N	2017-10-25 15:34:59
3419	5	2	\N	104	\N	91	SCHOTT	\N	2017-10-25 15:34:59
3420	5	2	\N	104	\N	91	SCHOTT	\N	2017-10-25 15:34:59
3421	1	2	\N	105	\N	\N	SCHOTTclean	\N	2017-10-25 15:34:59
3422	1	2	\N	105	\N	\N	SCHOTTclean	\N	2017-10-25 15:34:59
3423	1	2	\N	105	\N	\N	SCHOTTclean	\N	2017-10-25 15:34:59
3424	1	2	\N	105	\N	\N	SCHOTTclean	\N	2017-10-25 15:34:59
3425	1	2	\N	105	\N	\N	SCHOTTclean	\N	2017-10-25 15:34:59
3426	1	2	\N	105	\N	\N	SCHOTTclean	\N	2017-10-25 15:34:59
3427	1	2	\N	105	\N	\N	SCHOTTclean	\N	2017-10-25 15:34:59
3428	1	2	\N	105	\N	\N	SCHOTTclean	\N	2017-10-25 15:34:59
3429	1	2	\N	105	\N	\N	SCHOTTclean	\N	2017-10-25 15:34:59
3430	1	2	\N	105	\N	\N	SCHOTTclean	\N	2017-10-25 15:34:59
3431	1	2	\N	105	\N	\N	SCHOTTclean	\N	2017-10-25 15:34:59
3432	1	2	\N	105	\N	\N	SCHOTTclean	\N	2017-10-25 15:34:59
3433	1	2	\N	105	\N	\N	SCHOTTclean	\N	2017-10-25 15:34:59
3434	1	2	\N	105	\N	\N	SCHOTTclean	\N	2017-10-25 15:34:59
3435	1	2	\N	105	\N	\N	SCHOTTclean	\N	2017-10-25 15:34:59
3436	1	2	\N	105	\N	\N	SCHOTTclean	\N	2017-10-25 15:34:59
3437	1	2	\N	105	\N	\N	SCHOTTclean	\N	2017-10-25 15:34:59
3438	1	2	\N	105	\N	\N	SCHOTTclean	\N	2017-10-25 15:34:59
3439	1	2	\N	105	\N	\N	SCHOTTclean	\N	2017-10-25 15:34:59
3440	1	2	\N	105	\N	\N	SCHOTTclean	\N	2017-10-25 15:34:59
3441	1	2	\N	105	\N	\N	SCHOTTclean	\N	2017-10-25 15:34:59
3442	1	2	\N	105	\N	\N	SCHOTTclean	\N	2017-10-25 15:34:59
3443	1	2	\N	105	\N	\N	SCHOTTclean	\N	2017-10-25 15:34:59
3444	1	2	\N	105	\N	\N	SCHOTTclean	\N	2017-10-25 15:34:59
3445	1	2	\N	105	\N	\N	SCHOTTclean	\N	2017-10-25 15:34:59
3446	1	2	\N	105	\N	\N	SCHOTTclean	\N	2017-10-25 15:34:59
3447	1	2	\N	105	\N	\N	SCHOTTclean	\N	2017-10-25 15:34:59
3448	1	2	\N	105	\N	\N	SCHOTTclean	\N	2017-10-25 15:34:59
3449	1	2	\N	105	\N	\N	SCHOTTclean	\N	2017-10-25 15:34:59
3450	1	2	\N	105	\N	\N	SCHOTTclean	\N	2017-10-25 15:34:59
3451	1	2	\N	105	\N	\N	SCHOTTclean	\N	2017-10-25 15:34:59
3452	1	2	\N	105	\N	\N	SCHOTTclean	\N	2017-10-25 15:34:59
3453	1	2	\N	105	\N	\N	SCHOTTclean	\N	2017-10-25 15:34:59
3454	1	2	\N	105	\N	\N	SCHOTTclean	\N	2017-10-25 15:34:59
3455	1	2	\N	105	\N	\N	SCHOTTclean	\N	2017-10-25 15:34:59
3456	1	2	\N	105	\N	\N	SCHOTTclean	\N	2017-10-25 15:34:59
3457	1	2	\N	105	\N	\N	SCHOTTclean	\N	2017-10-25 15:34:59
3458	1	2	\N	105	\N	\N	SCHOTTclean	\N	2017-10-25 15:34:59
3459	1	2	\N	105	\N	\N	SCHOTTclean	\N	2017-10-25 15:34:59
3460	1	2	\N	105	\N	\N	SCHOTTclean	\N	2017-10-25 15:34:59
3461	1	2	\N	105	\N	\N	SCHOTTclean	\N	2017-10-25 15:34:59
3462	1	2	\N	105	\N	\N	SCHOTTclean	\N	2017-10-25 15:34:59
3463	1	2	\N	105	\N	\N	SCHOTTclean	\N	2017-10-25 15:34:59
3464	1	2	\N	105	\N	\N	SCHOTTclean	\N	2017-10-25 15:34:59
3465	1	2	\N	105	\N	\N	SCHOTTclean	\N	2017-10-25 15:34:59
3466	1	2	\N	105	\N	\N	SCHOTTclean	\N	2017-10-25 15:34:59
3467	1	2	\N	105	\N	\N	SCHOTTclean	\N	2017-10-25 15:34:59
3468	1	2	\N	105	\N	\N	SCHOTTclean	\N	2017-10-25 15:34:59
3469	1	2	\N	105	\N	\N	SCHOTTclean	\N	2017-10-25 15:34:59
3470	1	2	\N	105	\N	\N	SCHOTTclean	\N	2017-10-25 15:34:59
3471	1	2	\N	105	\N	\N	SCHOTTclean	\N	2017-10-25 15:34:59
3472	1	2	\N	105	\N	\N	SCHOTTclean	\N	2017-10-25 15:34:59
3473	1	2	\N	105	\N	\N	SCHOTTclean	\N	2017-10-25 15:34:59
3474	1	2	\N	105	\N	\N	SCHOTTclean	\N	2017-10-25 15:34:59
3475	1	2	\N	105	\N	\N	SCHOTTclean	\N	2017-10-25 15:34:59
3476	1	2	\N	105	\N	\N	SCHOTTclean	\N	2017-10-25 15:34:59
3477	1	2	\N	105	\N	\N	SCHOTTclean	\N	2017-10-25 15:34:59
3478	1	2	\N	105	\N	\N	SCHOTTclean	\N	2017-10-25 15:34:59
3479	1	2	\N	105	\N	\N	SCHOTTclean	\N	2017-10-25 15:34:59
3480	1	2	\N	105	\N	\N	SCHOTTclean	\N	2017-10-25 15:34:59
3481	1	2	\N	105	\N	\N	SCHOTTclean	\N	2017-10-25 15:34:59
3482	1	2	\N	105	\N	\N	SCHOTTclean	\N	2017-10-25 15:34:59
3483	1	2	\N	105	\N	\N	SCHOTTclean	\N	2017-10-25 15:34:59
3484	1	2	\N	105	\N	\N	SCHOTTclean	\N	2017-10-25 15:34:59
3485	1	2	\N	105	\N	\N	SCHOTTclean	\N	2017-10-25 15:34:59
3486	1	2	\N	105	\N	\N	SCHOTTclean	\N	2017-10-25 15:34:59
3487	1	2	\N	105	\N	\N	SCHOTTclean	\N	2017-10-25 15:34:59
3488	1	2	\N	105	\N	\N	SCHOTTclean	\N	2017-10-25 15:34:59
3489	1	2	\N	105	\N	\N	SCHOTTclean	\N	2017-10-25 15:34:59
3490	1	2	\N	105	\N	\N	SCHOTTclean	\N	2017-10-25 15:34:59
3491	1	2	\N	105	\N	\N	SCHOTTclean	\N	2017-10-25 15:34:59
3492	1	2	\N	105	\N	\N	SCHOTTclean	\N	2017-10-25 15:34:59
3493	1	2	\N	105	\N	\N	SCHOTTclean	\N	2017-10-25 15:34:59
3494	1	2	\N	105	\N	\N	SCHOTTclean	\N	2017-10-25 15:34:59
3495	1	2	\N	105	\N	\N	SCHOTTclean	\N	2017-10-25 15:34:59
3496	1	2	\N	105	\N	\N	SCHOTTclean	\N	2017-10-25 15:34:59
3497	1	2	\N	105	\N	\N	SCHOTTclean	\N	2017-10-25 15:34:59
3498	1	2	\N	105	\N	\N	SCHOTTclean	\N	2017-10-25 15:34:59
3499	1	2	\N	105	\N	\N	SCHOTTclean	\N	2017-10-25 15:34:59
3500	1	2	\N	105	\N	\N	SCHOTTclean	\N	2017-10-25 15:34:59
3501	1	2	\N	105	\N	\N	SCHOTTclean	\N	2017-10-25 15:34:59
3502	1	2	\N	105	\N	\N	SCHOTTclean	\N	2017-10-25 15:34:59
3503	1	2	\N	105	\N	\N	SCHOTTclean	\N	2017-10-25 15:34:59
3504	1	2	\N	105	\N	\N	SCHOTTclean	\N	2017-10-25 15:34:59
3505	1	2	\N	105	\N	\N	SCHOTTclean	\N	2017-10-25 15:34:59
3506	1	2	\N	105	\N	\N	SCHOTTclean	\N	2017-10-25 15:34:59
3507	1	2	\N	105	\N	\N	SCHOTTclean	\N	2017-10-25 15:34:59
3508	1	2	\N	105	\N	\N	SCHOTTclean	\N	2017-10-25 15:34:59
3509	1	2	\N	105	\N	\N	SCHOTTclean	\N	2017-10-25 15:34:59
3510	1	2	\N	105	\N	\N	SCHOTTclean	\N	2017-10-25 15:34:59
3511	1	2	\N	105	\N	\N	SCHOTTclean	\N	2017-10-25 15:34:59
3512	1	2	\N	105	\N	\N	SCHOTTclean	\N	2017-10-25 15:34:59
3513	1	2	\N	105	\N	\N	SCHOTTclean	\N	2017-10-25 15:34:59
3514	1	2	\N	105	\N	\N	SCHOTTclean	\N	2017-10-25 15:34:59
3515	1	2	\N	105	\N	\N	SCHOTTclean	\N	2017-10-25 15:34:59
3516	1	2	\N	105	\N	\N	SCHOTTclean	\N	2017-10-25 15:34:59
3517	1	2	\N	105	\N	\N	SCHOTTclean	\N	2017-10-25 15:34:59
3518	1	2	\N	105	\N	\N	SCHOTTclean	\N	2017-10-25 15:34:59
3519	1	2	\N	105	\N	\N	SCHOTTclean	\N	2017-10-25 15:34:59
3520	1	2	\N	105	\N	\N	SCHOTTclean	\N	2017-10-25 15:34:59
3521	1	2	\N	105	\N	\N	SCHOTTclean	\N	2017-10-25 15:34:59
3522	5	2	\N	105	\N	96	SCHOTTclean	\N	2017-10-25 15:34:59
3523	5	2	\N	105	\N	96	SCHOTTclean	\N	2017-10-25 15:34:59
3524	5	2	\N	105	\N	96	SCHOTTclean	\N	2017-10-25 15:34:59
3525	5	2	\N	105	\N	96	SCHOTTclean	\N	2017-10-25 15:34:59
3526	5	2	\N	105	\N	96	SCHOTTclean	\N	2017-10-25 15:34:59
3527	5	2	\N	105	\N	96	SCHOTTclean	\N	2017-10-25 15:34:59
3528	5	2	\N	105	\N	96	SCHOTTclean	\N	2017-10-25 15:34:59
3529	6	2	\N	105	\N	96	SCHOTTclean	\N	2017-10-25 15:34:59
3530	5	2	\N	105	\N	96	SCHOTTclean	\N	2017-10-25 15:34:59
3531	5	2	\N	105	\N	96	SCHOTTclean	\N	2017-10-25 15:34:59
3532	5	2	\N	105	\N	96	SCHOTTclean	\N	2017-10-25 15:34:59
3533	5	2	\N	105	\N	96	SCHOTTclean	\N	2017-10-25 15:34:59
3534	5	2	\N	105	\N	96	SCHOTTclean	\N	2017-10-25 15:34:59
3535	5	2	\N	105	\N	96	SCHOTTclean	\N	2017-10-25 15:34:59
3536	5	2	\N	105	80	95	SCHOTTclean	\N	2017-10-25 15:34:59
3537	5	2	\N	105	80	95	SCHOTTclean	\N	2017-10-25 15:34:59
3538	5	2	\N	105	80	95	SCHOTTclean	\N	2017-10-25 15:34:59
3539	5	2	\N	105	80	95	SCHOTTclean	\N	2017-10-25 15:34:59
3540	5	2	\N	105	80	95	SCHOTTclean	\N	2017-10-25 15:34:59
3541	5	2	\N	105	80	95	SCHOTTclean	\N	2017-10-25 15:34:59
3542	5	2	\N	105	80	95	SCHOTTclean	\N	2017-10-25 15:34:59
3543	5	2	\N	105	80	95	SCHOTTclean	\N	2017-10-25 15:34:59
3544	5	2	\N	105	80	95	SCHOTTclean	\N	2017-10-25 15:34:59
3545	5	2	\N	105	80	95	SCHOTTclean	\N	2017-10-25 15:34:59
3546	5	2	\N	105	80	95	SCHOTTclean	\N	2017-10-25 15:34:59
3547	5	2	\N	105	80	95	SCHOTTclean	\N	2017-10-25 15:34:59
3548	5	2	\N	105	80	95	SCHOTTclean	\N	2017-10-25 15:34:59
3549	5	2	\N	105	80	95	SCHOTTclean	\N	2017-10-25 15:34:59
3550	8	2	Was received broken in the SCHOTT coverslip box..	105	\N	\N	SCHOTTclean	\N	2017-10-25 15:34:59
3551	5	2	\N	105	\N	94	SCHOTTclean	\N	2017-10-25 15:34:59
3552	5	2	\N	105	\N	94	SCHOTTclean	\N	2017-10-25 15:34:59
3553	5	2	\N	105	\N	94	SCHOTTclean	\N	2017-10-25 15:34:59
3554	5	2	\N	105	\N	94	SCHOTTclean	\N	2017-10-25 15:34:59
3555	5	2	\N	105	\N	94	SCHOTTclean	\N	2017-10-25 15:34:59
3556	5	2	\N	105	\N	94	SCHOTTclean	\N	2017-10-25 15:34:59
3557	5	2	\N	105	\N	94	SCHOTTclean	\N	2017-10-25 15:34:59
3558	5	2	\N	105	\N	94	SCHOTTclean	\N	2017-10-25 15:34:59
3559	5	2	\N	105	\N	94	SCHOTTclean	\N	2017-10-25 15:34:59
3560	5	2	\N	105	\N	94	SCHOTTclean	\N	2017-10-25 15:34:59
3561	5	2	\N	105	\N	93	SCHOTTclean	\N	2017-10-25 15:34:59
3562	5	2	\N	105	\N	93	SCHOTTclean	\N	2017-10-25 15:34:59
3563	5	2	\N	105	\N	93	SCHOTTclean	\N	2017-10-25 15:34:59
3564	5	2	\N	105	\N	93	SCHOTTclean	\N	2017-10-25 15:34:59
3565	5	2	\N	105	\N	93	SCHOTTclean	\N	2017-10-25 15:34:59
3566	5	2	\N	105	\N	93	SCHOTTclean	\N	2017-10-25 15:34:59
3567	5	2	\N	105	\N	93	SCHOTTclean	\N	2017-10-25 15:34:59
3568	5	2	\N	105	\N	93	SCHOTTclean	\N	2017-10-25 15:34:59
3569	5	2	\N	105	\N	93	SCHOTTclean	\N	2017-10-25 15:34:59
3570	5	2	\N	105	\N	93	SCHOTTclean	\N	2017-10-25 15:34:59
3671	1	1	\N	107	\N	\N	DW-837-3	\N	2017-10-25 15:34:59
3672	1	1	\N	107	\N	\N	DW-837-3	\N	2017-10-25 15:34:59
3673	1	1	\N	107	\N	\N	DW-837-3	\N	2017-10-25 15:34:59
3674	1	1	\N	107	\N	\N	DW-837-3	\N	2017-10-25 15:34:59
3675	1	1	\N	107	\N	\N	DW-837-3	\N	2017-10-25 15:34:59
3676	1	1	\N	107	\N	\N	DW-837-3	\N	2017-10-25 15:34:59
3677	1	1	\N	107	\N	\N	DW-837-3	\N	2017-10-25 15:34:59
3678	1	1	\N	107	\N	\N	DW-837-3	\N	2017-10-25 15:34:59
3679	1	1	\N	107	\N	\N	DW-837-3	\N	2017-10-25 15:34:59
3680	1	1	\N	107	\N	\N	DW-837-3	\N	2017-10-25 15:34:59
3681	1	1	\N	107	\N	\N	DW-837-3	\N	2017-10-25 15:34:59
3682	1	1	\N	107	\N	\N	DW-837-3	\N	2017-10-25 15:34:59
3683	1	1	\N	107	\N	\N	DW-837-3	\N	2017-10-25 15:34:59
3684	1	1	\N	107	\N	\N	DW-837-3	\N	2017-10-25 15:34:59
3685	1	1	\N	107	\N	\N	DW-837-3	\N	2017-10-25 15:34:59
3686	1	1	\N	107	\N	\N	DW-837-3	\N	2017-10-25 15:34:59
3687	1	1	\N	107	\N	\N	DW-837-3	\N	2017-10-25 15:34:59
3688	1	1	\N	107	\N	\N	DW-837-3	\N	2017-10-25 15:34:59
3689	1	1	\N	107	\N	\N	DW-837-3	\N	2017-10-25 15:34:59
3690	1	1	\N	107	\N	\N	DW-837-3	\N	2017-10-25 15:34:59
3691	1	1	\N	107	\N	\N	DW-837-3	\N	2017-10-25 15:34:59
3692	1	1	\N	107	\N	\N	DW-837-3	\N	2017-10-25 15:34:59
3693	1	1	\N	107	\N	\N	DW-837-3	\N	2017-10-25 15:34:59
3694	1	1	\N	107	\N	\N	DW-837-3	\N	2017-10-25 15:34:59
3695	1	1	\N	107	\N	\N	DW-837-3	\N	2017-10-25 15:34:59
3696	1	1	\N	107	\N	\N	DW-837-3	\N	2017-10-25 15:34:59
3697	1	1	\N	107	\N	\N	DW-837-3	\N	2017-10-25 15:34:59
3698	1	1	\N	107	\N	\N	DW-837-3	\N	2017-10-25 15:34:59
3699	1	1	\N	107	\N	\N	DW-837-3	\N	2017-10-25 15:34:59
3700	1	1	\N	107	\N	\N	DW-837-3	\N	2017-10-25 15:34:59
3701	1	1	\N	107	\N	\N	DW-837-3	\N	2017-10-25 15:34:59
3702	1	1	\N	107	\N	\N	DW-837-3	\N	2017-10-25 15:34:59
3703	1	1	\N	107	\N	\N	DW-837-3	\N	2017-10-25 15:34:59
3704	1	1	\N	107	\N	\N	DW-837-3	\N	2017-10-25 15:34:59
3705	1	1	\N	107	\N	\N	DW-837-3	\N	2017-10-25 15:34:59
3706	1	1	\N	107	\N	\N	DW-837-3	\N	2017-10-25 15:34:59
3707	1	1	\N	107	\N	\N	DW-837-3	\N	2017-10-25 15:34:59
3708	4	1	\N	107	\N	\N	DW-837-3	\N	2017-10-25 15:34:59
3709	1	1	\N	107	\N	\N	DW-837-3	\N	2017-10-25 15:34:59
3710	4	1	\N	107	\N	\N	DW-837-3	\N	2017-10-25 15:34:59
3711	6	1	\N	108	\N	102	dw-837-3	\N	2017-10-25 15:34:59
3712	6	1	\N	108	\N	102	dw-837-3	\N	2017-10-25 15:34:59
3713	6	1	\N	108	\N	102	dw-837-3	\N	2017-10-25 15:34:59
3714	6	1	\N	108	\N	102	dw-837-3	\N	2017-10-25 15:34:59
3715	6	1	\N	108	\N	102	dw-837-3	\N	2017-10-25 15:34:59
3716	6	1	\N	108	\N	102	dw-837-3	\N	2017-10-25 15:34:59
3717	6	1	\N	108	\N	102	dw-837-3	\N	2017-10-25 15:34:59
3718	6	1	\N	108	\N	102	dw-837-3	\N	2017-10-25 15:34:59
3719	6	1	\N	108	\N	102	dw-837-3	\N	2017-10-25 15:34:59
3720	6	1	\N	108	\N	102	dw-837-3	\N	2017-10-25 15:34:59
3721	5	1	\N	108	\N	102	dw-837-3	\N	2017-10-25 15:34:59
3722	5	1	\N	108	\N	102	dw-837-3	\N	2017-10-25 15:34:59
3723	5	1	\N	108	\N	102	dw-837-3	\N	2017-10-25 15:34:59
3724	5	1	\N	108	\N	102	dw-837-3	\N	2017-10-25 15:34:59
3725	5	1	\N	108	\N	102	dw-837-3	\N	2017-10-25 15:34:59
3726	6	2	\N	109	82	107	DQ-837-3	\N	2017-10-25 15:34:59
3727	6	2	\N	109	82	107	DQ-837-3	\N	2017-10-25 15:34:59
3728	6	2	\N	109	82	107	DQ-837-3	\N	2017-10-25 15:34:59
3729	5	2	\N	109	82	107	DQ-837-3	\N	2017-10-25 15:34:59
3730	5	2	\N	109	82	107	DQ-837-3	\N	2017-10-25 15:34:59
3731	5	2	\N	109	82	107	DQ-837-3	\N	2017-10-25 15:34:59
3732	5	2	\N	109	82	107	DQ-837-3	\N	2017-10-25 15:34:59
3733	5	2	\N	109	82	107	DQ-837-3	\N	2017-10-25 15:34:59
3734	5	2	\N	109	82	107	DQ-837-3	\N	2017-10-25 15:34:59
3735	5	2	\N	109	82	107	DQ-837-3	\N	2017-10-25 15:34:59
3736	5	2	\N	109	82	106	DQ-837-3	\N	2017-10-25 15:34:59
3737	5	2	\N	109	82	106	DQ-837-3	\N	2017-10-25 15:34:59
3738	5	2	\N	109	82	106	DQ-837-3	\N	2017-10-25 15:34:59
3739	5	2	\N	109	82	106	DQ-837-3	\N	2017-10-25 15:34:59
3740	5	2	\N	109	82	106	DQ-837-3	\N	2017-10-25 15:34:59
3741	5	2	\N	109	82	106	DQ-837-3	\N	2017-10-25 15:34:59
3742	5	2	\N	109	82	106	DQ-837-3	\N	2017-10-25 15:34:59
3743	5	2	\N	109	82	106	DQ-837-3	\N	2017-10-25 15:34:59
3744	5	2	\N	109	82	106	DQ-837-3	\N	2017-10-25 15:34:59
3745	5	2	\N	109	82	106	DQ-837-3	\N	2017-10-25 15:34:59
3746	5	2	\N	109	82	105	DQ-837-3	\N	2017-10-25 15:34:59
3747	5	2	\N	109	82	105	DQ-837-3	\N	2017-10-25 15:34:59
3748	5	2	\N	109	82	105	DQ-837-3	\N	2017-10-25 15:34:59
3749	5	2	\N	109	82	105	DQ-837-3	\N	2017-10-25 15:34:59
3750	5	2	\N	109	82	105	DQ-837-3	\N	2017-10-25 15:34:59
3751	5	2	\N	109	82	105	DQ-837-3	\N	2017-10-25 15:34:59
3752	5	2	\N	109	82	105	DQ-837-3	\N	2017-10-25 15:34:59
3753	5	2	\N	109	82	105	DQ-837-3	\N	2017-10-25 15:34:59
3754	5	2	\N	109	82	105	DQ-837-3	\N	2017-10-25 15:34:59
3755	5	2	\N	109	82	105	DQ-837-3	\N	2017-10-25 15:34:59
3756	5	2	\N	109	82	104	DQ-837-3	\N	2017-10-25 15:34:59
3757	5	2	\N	109	82	104	DQ-837-3	\N	2017-10-25 15:34:59
3758	5	2	\N	109	82	104	DQ-837-3	\N	2017-10-25 15:34:59
3759	5	2	\N	109	82	104	DQ-837-3	\N	2017-10-25 15:34:59
3760	5	2	\N	109	82	104	DQ-837-3	\N	2017-10-25 15:34:59
3761	5	2	\N	109	82	104	DQ-837-3	\N	2017-10-25 15:34:59
3762	6	2	\N	109	82	104	DQ-837-3	\N	2017-10-25 15:34:59
3763	6	2	\N	109	82	104	DQ-837-3	\N	2017-10-25 15:34:59
3764	6	2	\N	109	82	104	DQ-837-3	\N	2017-10-25 15:34:59
3765	6	2	\N	109	82	104	DQ-837-3	\N	2017-10-25 15:34:59
3766	6	2	\N	109	\N	103	DQ-837-3	\N	2017-10-25 15:34:59
3767	6	2	\N	109	\N	103	DQ-837-3	\N	2017-10-25 15:34:59
3768	6	2	\N	109	\N	103	DQ-837-3	\N	2017-10-25 15:34:59
3769	6	2	\N	109	\N	103	DQ-837-3	\N	2017-10-25 15:34:59
3770	6	2	\N	109	\N	103	DQ-837-3	\N	2017-10-25 15:34:59
3771	6	2	\N	109	\N	103	DQ-837-3	\N	2017-10-25 15:34:59
3772	6	2	\N	109	\N	103	DQ-837-3	\N	2017-10-25 15:34:59
3773	6	2	\N	109	\N	103	DQ-837-3	\N	2017-10-25 15:34:59
3774	6	2	\N	109	\N	103	DQ-837-3	\N	2017-10-25 15:34:59
3775	5	2	\N	109	\N	103	DQ-837-3	\N	2017-10-25 15:34:59
3778	5	1	\n\n---------------------------------------------------------------------\nNew note added on 2017 Oct 27 12:44:40 by Totte\n---------------------------------------------------------------------\nTest barcodes	112	85	108	TestLOT	\N	2017-10-27 12:43:52
3779	5	1	\n\n---------------------------------------------------------------------\nNew note added on 2017 Oct 27 12:44:40 by Totte\n---------------------------------------------------------------------\nTest barcodes	112	85	108	TestLOT	\N	2017-10-27 12:43:52
3780	6	1	\n\n---------------------------------------------------------------------\nNew note added on 2017 Oct 27 12:44:40 by Totte\n---------------------------------------------------------------------\nTest barcodes	112	85	108	TestLOT	\N	2017-10-27 12:43:52
3781	5	1	\n\n---------------------------------------------------------------------\nNew note added on 2017 Oct 27 12:44:40 by Totte\n---------------------------------------------------------------------\nTest barcodes	112	85	108	TestLOT	\N	2017-10-27 12:43:52
3782	5	1	\n\n---------------------------------------------------------------------\nNew note added on 2017 Oct 27 12:44:40 by Totte\n---------------------------------------------------------------------\nTest barcodes	112	85	108	TestLOT	\N	2017-10-27 12:43:52
3783	5	1	\n\n---------------------------------------------------------------------\nNew note added on 2017 Oct 27 12:44:40 by Totte\n---------------------------------------------------------------------\nTest barcodes	112	85	108	TestLOT	\N	2017-10-27 12:43:52
3784	5	1	\n\n---------------------------------------------------------------------\nNew note added on 2017 Oct 27 12:44:40 by Totte\n---------------------------------------------------------------------\nTest barcodes	112	85	108	TestLOT	\N	2017-10-27 12:43:52
3785	5	1	\n\n---------------------------------------------------------------------\nNew note added on 2017 Oct 27 12:44:40 by Totte\n---------------------------------------------------------------------\nTest barcodes	112	85	108	TestLOT	\N	2017-10-27 12:43:52
3786	5	1	\n\n---------------------------------------------------------------------\nNew note added on 2017 Oct 27 12:44:40 by Totte\n---------------------------------------------------------------------\nTest barcodes	112	85	108	TestLOT	\N	2017-10-27 12:43:52
3787	6	1	\n\n---------------------------------------------------------------------\nNew note added on 2017 Oct 27 12:44:40 by Totte\n---------------------------------------------------------------------\nTest barcodes	112	85	108	TestLOT	\N	2017-10-27 12:43:52
3788	5	2	\N	113	86	109	DW-837-3	\N	2017-11-06 15:51:11
3789	5	2	\N	113	86	109	DW-837-3	\N	2017-11-06 15:51:11
3790	5	2	\N	113	86	109	DW-837-3	\N	2017-11-06 15:51:11
3791	5	2	\N	113	86	109	DW-837-3	\N	2017-11-06 15:51:11
3792	5	2	\N	113	86	109	DW-837-3	\N	2017-11-06 15:51:11
3793	5	2	\N	113	86	109	DW-837-3	\N	2017-11-06 15:51:11
3794	5	2	\N	113	86	109	DW-837-3	\N	2017-11-06 15:51:11
3795	5	2	\N	113	86	109	DW-837-3	\N	2017-11-06 15:51:11
3796	5	2	\N	113	86	109	DW-837-3	\N	2017-11-06 15:51:11
3797	5	2	\N	113	86	109	DW-837-3	\N	2017-11-06 15:51:11
3798	5	2	\N	113	86	113	DW-837-3	\N	2017-11-06 15:51:11
3799	5	2	\N	113	86	113	DW-837-3	\N	2017-11-06 15:51:11
3800	5	2	\N	113	86	113	DW-837-3	\N	2017-11-06 15:51:11
3801	5	2	\N	113	86	113	DW-837-3	\N	2017-11-06 15:51:11
3802	5	2	\N	113	86	113	DW-837-3	\N	2017-11-06 15:51:11
3803	5	2	\N	113	86	113	DW-837-3	\N	2017-11-06 15:51:11
3804	5	2	\N	113	86	113	DW-837-3	\N	2017-11-06 15:51:11
3805	5	2	\N	113	86	113	DW-837-3	\N	2017-11-06 15:51:11
3806	5	2	\N	113	86	112	DW-837-3	\N	2017-11-06 15:51:11
3807	5	2	\N	113	86	112	DW-837-3	\N	2017-11-06 15:51:11
3808	5	2	\N	113	86	112	DW-837-3	\N	2017-11-06 15:51:11
3809	5	2	\N	113	86	112	DW-837-3	\N	2017-11-06 15:51:11
3810	5	2	\N	113	86	112	DW-837-3	\N	2017-11-06 15:51:11
3811	5	2	\N	113	86	112	DW-837-3	\N	2017-11-06 15:51:11
3812	5	2	\N	113	86	112	DW-837-3	\N	2017-11-06 15:51:11
3813	5	2	\N	113	86	112	DW-837-3	\N	2017-11-06 15:51:11
3814	5	2	\N	113	86	112	DW-837-3	\N	2017-11-06 15:51:11
3815	5	2	\N	113	86	112	DW-837-3	\N	2017-11-06 15:51:11
3816	5	2	\N	113	86	111	DW-837-3	\N	2017-11-06 15:51:11
3817	5	2	\N	113	86	111	DW-837-3	\N	2017-11-06 15:51:11
3818	5	2	\N	113	86	111	DW-837-3	\N	2017-11-06 15:51:11
3819	5	2	\N	113	86	111	DW-837-3	\N	2017-11-06 15:51:11
3820	5	2	\N	113	86	111	DW-837-3	\N	2017-11-06 15:51:11
3821	5	2	\N	113	86	111	DW-837-3	\N	2017-11-06 15:51:11
3822	5	2	\N	113	86	111	DW-837-3	\N	2017-11-06 15:51:11
3823	5	2	\N	113	86	111	DW-837-3	\N	2017-11-06 15:51:11
3824	5	2	\N	113	86	111	DW-837-3	\N	2017-11-06 15:51:11
3825	5	2	\N	113	86	111	DW-837-3	\N	2017-11-06 15:51:11
3826	5	2	\N	113	86	110	DW-837-3	\N	2017-11-06 15:51:11
3827	5	2	\N	113	86	110	DW-837-3	\N	2017-11-06 15:51:11
3828	5	2	\N	113	86	110	DW-837-3	\N	2017-11-06 15:51:11
3829	5	2	\N	113	86	110	DW-837-3	\N	2017-11-06 15:51:11
3830	5	2	\N	113	86	110	DW-837-3	\N	2017-11-06 15:51:11
3831	5	2	\N	113	86	110	DW-837-3	\N	2017-11-06 15:51:11
3832	5	2	\N	113	86	110	DW-837-3	\N	2017-11-06 15:51:11
3833	5	2	\N	113	86	110	DW-837-3	\N	2017-11-06 15:51:11
3834	5	2	\N	113	86	110	DW-837-3	\N	2017-11-06 15:51:11
3835	5	2	\N	113	86	110	DW-837-3	\N	2017-11-06 15:51:11
3836	8	2	Dried with a drop of silane, coating was not even.	113	86	\N	DW-837-3	\N	2017-11-06 15:51:11
3837	8	2	Came in the SCHOTT box broken	113	86	\N	DW-837-3	\N	2017-11-06 15:51:11
\.

/*
Table structure for table 'public.coverslipstatuses'
*/

DROP TABLE IF EXISTS "public"."coverslipstatuses" CASCADE;
CREATE TABLE "public"."coverslipstatuses" (
	"id" SERIAL NOT NULL,
	"status" VARCHAR(255)  NOT NULL,
	"note" TEXT
) WITH OIDS;
DROP INDEX IF EXISTS "PRIMARY";
ALTER TABLE "public"."coverslipstatuses" ADD CONSTRAINT "PRIMARY" PRIMARY KEY("id");

/*
Dumping data for table 'public.coverslipstatuses'
*/

COPY "public"."coverslipstatuses"("id","status","note") FROM stdin;
1	Fresh out of the box	\N
2	Post Ethanol Clean	\N
3	Post Plasma Clean	\N
4	Post Silanization	\N
5	Post Carbon Coat	\N
6	Post Sectioning	\N
7	Post mounting	\N
8	Discarded	\N
\.

/*
Table structure for table 'public.coversliptypes'
*/

DROP TABLE IF EXISTS "public"."coversliptypes" CASCADE;
CREATE TABLE "public"."coversliptypes" (
	"id" SERIAL NOT NULL,
	"type" VARCHAR(255)  NOT NULL,
	"note" TEXT
) WITH OIDS;
DROP INDEX IF EXISTS "PRIMARY";
ALTER TABLE "public"."coversliptypes" ADD CONSTRAINT "PRIMARY" PRIMARY KEY("id");

/*
Dumping data for table 'public.coversliptypes'
*/

COPY "public"."coversliptypes"("id","type","note") FROM stdin;
1	Regular CoverSlip	\N
2	Schott Clean Room	\N
\.

/*
Table structure for table 'public.cryoprotectionprotocols'
*/

DROP TABLE IF EXISTS "public"."cryoprotectionprotocols" CASCADE;
CREATE TABLE "public"."cryoprotectionprotocols" (
	"id" SERIAL NOT NULL,
	"protocol" VARCHAR(255) ,
	"document_id" INTEGER
) WITH OIDS;
DROP INDEX IF EXISTS "PRIMARY";
ALTER TABLE "public"."cryoprotectionprotocols" ADD CONSTRAINT "PRIMARY" PRIMARY KEY("id");
DROP INDEX IF EXISTS "cryoprotection_ibfk_1";
CREATE INDEX "cryoprotection_ibfk_1" ON "public"."cryoprotectionprotocols"("document_id");

/*
Dumping data for table 'public.cryoprotectionprotocols'
*/

COPY "public"."cryoprotectionprotocols"("id","protocol","document_id") FROM stdin;
0	N/A	\N
1	Glycerol series	\N
2	Sucrose series	\N
\.

/*
Table structure for table 'public.cultured_time_point'
*/

DROP TABLE IF EXISTS "public"."cultured_time_point" CASCADE;
CREATE TABLE "public"."cultured_time_point" (
	"id" SERIAL NOT NULL,
	"time_point" VARCHAR(32)  DEFAULT 'N/A'
) WITH OIDS;
DROP INDEX IF EXISTS "PRIMARY";
ALTER TABLE "public"."cultured_time_point" ADD CONSTRAINT "PRIMARY" PRIMARY KEY("id");

/*
Dumping data for table 'public.cultured_time_point'
*/

COPY "public"."cultured_time_point"("id","time_point") FROM stdin;
1	N/A
2	day_0_acute
3	day_1_24hr
4	day_2_48hr
5	day_3_72hr
6	day_4_96hr
\.

/*
Table structure for table 'public.documents'
*/

DROP TABLE IF EXISTS "public"."documents" CASCADE;
CREATE TABLE "public"."documents" (
	"id" SERIAL NOT NULL,
	"document_name" VARCHAR(255)  NOT NULL,
	"document" BYTEA,
	"type" VARCHAR(16) 
) WITH OIDS;
DROP INDEX IF EXISTS "PRIMARY";
ALTER TABLE "public"."documents" ADD CONSTRAINT "PRIMARY" PRIMARY KEY("id");

/*
Dumping data for table 'public.documents'
*/


/*
Table structure for table 'public.embeddingprotocols'
*/

DROP TABLE IF EXISTS "public"."embeddingprotocols" CASCADE;
CREATE TABLE "public"."embeddingprotocols" (
	"id" SERIAL NOT NULL,
	"protocol" VARCHAR(255) ,
	"document_id" INTEGER
) WITH OIDS;
DROP INDEX IF EXISTS "PRIMARY";
ALTER TABLE "public"."embeddingprotocols" ADD CONSTRAINT "PRIMARY" PRIMARY KEY("id");
DROP INDEX IF EXISTS "embedding_ibfk_1";
CREATE INDEX "embedding_ibfk_1" ON "public"."embeddingprotocols"("document_id");

/*
Dumping data for table 'public.embeddingprotocols'
*/

COPY "public"."embeddingprotocols"("id","protocol","document_id") FROM stdin;
0	N/A	\N
1	Combination	\N
2	gelatin capsule	\N
4	flow through capsules	\N
5	BEEM capsules	\N
6	punched aclar sandwich\n	\N
8	flat coffin mold	\N
\.

/*
Table structure for table 'public.fixationprotocols'
*/

DROP TABLE IF EXISTS "public"."fixationprotocols" CASCADE;
CREATE TABLE "public"."fixationprotocols" (
	"id" SERIAL NOT NULL,
	"protocol" VARCHAR(255) ,
	"document_id" INTEGER
) WITH OIDS;
DROP INDEX IF EXISTS "PRIMARY";
ALTER TABLE "public"."fixationprotocols" ADD CONSTRAINT "PRIMARY" PRIMARY KEY("id");
DROP INDEX IF EXISTS "fixmethod_ibfk_1";
CREATE INDEX "fixmethod_ibfk_1" ON "public"."fixationprotocols"("document_id");

/*
Dumping data for table 'public.fixationprotocols'
*/

COPY "public"."fixationprotocols"("id","protocol","document_id") FROM stdin;
0	N/A	\N
1	Immersion fixed	\N
2	Perfused with flush	\N
3	Perfused without flush	\N
4	none - not fixed	\N
\.

/*
Table structure for table 'public.fixativeprotocols'
*/

DROP TABLE IF EXISTS "public"."fixativeprotocols" CASCADE;
CREATE TABLE "public"."fixativeprotocols" (
	"id" SERIAL NOT NULL,
	"protocol" VARCHAR(255) ,
	"document_id" INTEGER
) WITH OIDS;
DROP INDEX IF EXISTS "PRIMARY";
ALTER TABLE "public"."fixativeprotocols" ADD CONSTRAINT "PRIMARY" PRIMARY KEY("id");
DROP INDEX IF EXISTS "fixative_ibfk_1";
CREATE INDEX "fixative_ibfk_1" ON "public"."fixativeprotocols"("document_id");

/*
Dumping data for table 'public.fixativeprotocols'
*/

COPY "public"."fixativeprotocols"("id","protocol","document_id") FROM stdin;
0	N/A	\N
1	None- live tissue	\N
2	4%PFA + 1% Glutaraldehyde in PB	\N
3	2%PFA + 2% Glutaraldehyde in PB\n	\N
4	4%PFA in PB\n	\N
\.

/*
Table structure for table 'public.freezeprotocols'
*/

DROP TABLE IF EXISTS "public"."freezeprotocols" CASCADE;
CREATE TABLE "public"."freezeprotocols" (
	"id" SERIAL NOT NULL,
	"protocol" VARCHAR(128)  NOT NULL,
	"document_id" INTEGER
) WITH OIDS;
DROP INDEX IF EXISTS "PRIMARY";
ALTER TABLE "public"."freezeprotocols" ADD CONSTRAINT "PRIMARY" PRIMARY KEY("id");
DROP INDEX IF EXISTS "freezeprotocol_ibfk_1";
CREATE INDEX "freezeprotocol_ibfk_1" ON "public"."freezeprotocols"("document_id");

/*
Dumping data for table 'public.freezeprotocols'
*/

COPY "public"."freezeprotocols"("id","protocol","document_id") FROM stdin;
0	N/A	\N
1	No freezing	\N
3	LR Gold AFS	\N
5	High pressure freezer	\N
7	Plunge Frozen	\N
\.

/*
Table structure for table 'public.freshcsbatches'
*/

DROP TABLE IF EXISTS "public"."freshcsbatches" CASCADE;
CREATE TABLE "public"."freshcsbatches" (
	"id" SERIAL NOT NULL,
	"date_created" TIMESTAMP DEFAULT CURRENT_TIMESTAMP NOT NULL,
	"count" INTEGER,
	"type" INTEGER NOT NULL,
	"lot_number" VARCHAR(128)  NOT NULL,
	"box_number" INTEGER NOT NULL
) WITH OIDS;
DROP INDEX IF EXISTS "PRIMARY";
ALTER TABLE "public"."freshcsbatches" ADD CONSTRAINT "PRIMARY" PRIMARY KEY("id");
DROP INDEX IF EXISTS "type";
CREATE INDEX "type" ON "public"."freshcsbatches"("type");

/*
Dumping data for table 'public.freshcsbatches'
*/

COPY "public"."freshcsbatches"("id","date_created","count","type","lot_number","box_number") FROM stdin;
88	2017-04-06 09:19:07	25	1	27204	2
89	2017-04-06 09:27:09	25	1	27204	2
90	2017-04-13 09:55:44	100	1	27204	5
93	2017-04-17 11:19:50	100	1	27204	6
94	2017-04-18 09:38:03	100	1	27204	7
95	2017-04-20 11:59:29	10	1	SCHOTT	1
97	2017-04-21 10:58:12	25	1	SCHOTT	1
98	2017-04-21 11:24:26	2	1	1234	1234
99	2017-05-02 10:50:39	170	1	SCHOTT	1
100	2017-05-08 14:44:15	100	1	27204	8
101	2017-06-06 09:33:51	20	2	4321	1234
102	2017-06-16 10:09:20	10	2	???	1
103	2017-07-18 15:40:15	65	2	DW-789-3	0
104	2017-08-28 14:27:52	50	2	SCHOTT	2
105	2017-08-29 14:15:47	150	2	SCHOTTclean	1
107	2017-10-03 11:54:40	40	1	DW-837-3	3
108	2017-10-13 08:39:22	15	1	dw-837-3	10
109	2017-10-25 13:54:07	50	2	DQ-837-3	11
112	2017-10-27 12:43:52	10	1	TestLOT	-1
113	2017-11-06 15:51:11	50	2	DW-837-3	-1
\.

/*
Table structure for table 'public.images'
*/

DROP TABLE IF EXISTS "public"."images" CASCADE;
CREATE TABLE "public"."images" (
	"id" VARCHAR(36)  NOT NULL,
	"created" TIMESTAMP DEFAULT CURRENT_TIMESTAMP NOT NULL,
	"fileextension" VARCHAR(16) ,
	"created_by" INTEGER NOT NULL,
	"coverslip_id" INTEGER DEFAULT 0 NOT NULL,
	"block_id" INTEGER DEFAULT 0 NOT NULL
) WITH OIDS;
DROP INDEX IF EXISTS "PRIMARY";
ALTER TABLE "public"."images" ADD CONSTRAINT "PRIMARY" PRIMARY KEY("id");
DROP INDEX IF EXISTS "created_by";
CREATE INDEX "created_by" ON "public"."images"("created_by");

/*
Dumping data for table 'public.images'
*/

COPY "public"."images"("id","created","fileextension","created_by","coverslip_id","block_id") FROM stdin;
038d6d42-239a-11e7-9b13-b4ae2be8fb91	2017-04-17 11:16:45	jpg	43	-1	0
07de212a-22f0-11e7-bb39-d8cb8abce51b	2017-04-16 14:59:57	jpg	27	2631	0
0a42d044-23ba-11e7-ba07-d8cb8abce51b	2017-04-17 15:06:00	jpg	27	0	73
0adf334c-8cee-11e7-93de-d8cb8abce51b	2017-08-29 12:12:47	jpg	27	0	116
0f089bd0-3fef-11e7-b965-d8cb8abce51b	2017-05-23 12:36:04	jpg	27	0	73
1324a6b2-23a9-11e7-b764-d8cb8abce51b	2017-04-17 13:04:33	jpg	27	0	76
14139e18-6759-11e7-8e18-d8cb8abce51b	2017-07-12 16:23:15	jpg	43	2968	76
162bb96c-253a-11e7-aa6a-d8cb8abce51b	2017-04-19 12:55:06	jpg	43	0	73
18303bfc-253a-11e7-abd6-d8cb8abce51b	2017-04-19 12:55:10	jpg	43	0	73
19fb2a62-3fef-11e7-8a70-d8cb8abce51b	2017-05-23 12:36:22	jpg	27	0	73
1ac424d0-3fef-11e7-85f2-d8cb8abce51b	2017-05-23 12:36:23	jpg	27	0	73
1aecc3ec-253a-11e7-bdc6-d8cb8abce51b	2017-04-19 12:55:14	jpg	43	0	73
1cba60c6-23a5-11e7-94b8-d8cb8abce51b	2017-04-17 12:36:11	jpg	27	2632	0
23a4ec60-23ac-11e7-8303-b4ae2be8fb91	2017-04-17 13:26:30	jpg	43	0	76
241febea-23ac-11e7-a1e2-b4ae2be8fb91	2017-04-17 13:26:31	jpg	43	0	76
244e6be8-2387-11e7-80b8-b4ae2be8fb91	2017-04-17 09:01:39	jpg	27	2629	0
270872dc-8d15-11e7-ba9d-1c666d92d202	2017-08-29 16:52:44	jpg	43	3065	116
2cc0c9a2-23a9-11e7-960f-d8cb8abce51b	2017-04-17 13:05:16	jpg	27	0	76
2d6a7b78-23a9-11e7-9b3f-d8cb8abce51b	2017-04-17 13:05:17	jpg	27	0	76
2df87096-3ff0-11e7-9a01-d8cb8abce51b	2017-05-23 12:44:06	jpg	27	0	73
2eddb1f5-23aa-11e7-9e2a-b4ae2be8fb91	2017-04-17 13:12:33	jpg	43	0	76
31796792-23a9-11e7-aa5b-d8cb8abce51b	2017-04-17 13:05:24	jpg	27	0	76
31bb5440-23a9-11e7-85ec-d8cb8abce51b	2017-04-17 13:05:24	jpg	27	0	76
31e2ace6-547a-11e7-8b37-b4ae2be8fb91	2017-06-18 16:02:25	jpg	27	0	73
3420c6c8-3ff3-11e7-9eb8-d8cb8abce51b	2017-05-23 13:05:44	jpg	27	0	73
380ea6ac-253a-11e7-8970-d8cb8abce51b	2017-04-19 12:56:03	jpg	43	0	73
395d0a0a-238a-11e7-b9dc-b4ae2be8fb91	2017-04-17 09:23:43	jpg	27	2629	0
3c3fed18-bda5-11e7-973e-1c666d92d202	2017-10-30 12:05:04	jpg	43	0	117
42cc9a54-9f01-11e7-8014-1c666d92d202	2017-09-21 12:15:42	jpg	27	0	116
442b6ab0-9f01-11e7-9c5d-1c666d92d202	2017-09-21 12:15:44	jpg	27	0	116
459e6d02-9f01-11e7-a6ce-1c666d92d202	2017-09-21 12:15:47	jpg	27	0	116
46ed680c-9f01-11e7-812c-1c666d92d202	2017-09-21 12:15:49	jpg	27	0	116
47dbc5cc-8c48-11e7-b874-1c666d92d202	2017-08-28 16:26:13	jpg	42	3055	108
4b599413-7899-11e7-a59a-1c666d92d202	2017-08-03 15:15:44	jpg	43	2968	76
4fbd795c-b844-11e7-8361-d8cb8abce51b	2017-10-23 15:48:39	jpg	27	0	87
61509444-23a0-11e7-a462-d8cb8abce51b	2017-04-17 12:02:19	jpg	27	-1	0
62eba290-9f00-11e7-a6f9-1c666d92d202	2017-09-21 12:09:26	jpg	27	0	116
63d86a64-c0c3-11e7-8bf0-1c666d92d202	2017-11-03 11:18:28	jpg	43	3707	0
65940572-636a-11e7-b033-d8cb8abce51b	2017-07-07 16:17:08	jpg	27	0	79
665e3f24-238f-11e7-8ddf-d8cb8abce51b	2017-04-17 10:00:46	jpg	27	-1	0
66f636ea-999a-11e7-9b9e-1c666d92d202	2017-09-14 15:16:49	jpg	27	2968	111
7071f6de-23a5-11e7-8d02-d8cb8abce51b	2017-04-17 12:38:32	jpg	27	0	0
7826997e-b8e8-11e7-b666-d8cb8abce51b	2017-10-24 11:23:44	jpg	27	0	0
8a679de2-9f00-11e7-988b-1c666d92d202	2017-09-21 12:10:32	jpg	27	0	116
8af83cac-253a-11e7-93fd-d8cb8abce51b	2017-04-19 12:58:22	jpg	43	0	73
8e1ab25c-253a-11e7-ba17-d8cb8abce51b	2017-04-19 12:58:28	jpg	43	0	73
906e923a-2553-11e7-988e-d8cb8abce51b	2017-04-19 15:57:29	jpg	43	0	73
9079b610-2553-11e7-a5bf-d8cb8abce51b	2017-04-19 15:57:29	jpg	43	0	73
90832c2c-2553-11e7-824d-d8cb8abce51b	2017-04-19 15:57:29	jpg	43	0	73
9180f3a2-2553-11e7-b548-d8cb8abce51b	2017-04-19 15:57:31	jpg	43	0	73
9198e908-2553-11e7-9ce0-d8cb8abce51b	2017-04-19 15:57:31	jpg	43	0	73
91ae4654-2553-11e7-a852-d8cb8abce51b	2017-04-19 15:57:31	jpg	43	0	73
91c466fa-2553-11e7-a234-d8cb8abce51b	2017-04-19 15:57:31	jpg	43	0	73
91e5679e-29e3-11e7-b735-d8cb8abce51b	2017-04-25 11:18:24	jpg	27	0	73
91eab4a4-2553-11e7-9b0e-d8cb8abce51b	2017-04-19 15:57:31	jpg	43	0	73
9201e6ba-2553-11e7-ba67-d8cb8abce51b	2017-04-19 15:57:32	jpg	43	0	73
93f43758-3b23-11e7-aafd-d8cb8abce51b	2017-05-17 10:09:25	jpg	27	0	73
93fbbd36-22ee-11e7-b478-d8cb8abce51b	2017-04-16 14:49:35	jpg	27	-1	0
943c1458-40cb-11e7-9f66-b4ae2be8fb91	2017-05-24 14:54:40	jpg	43	0	76
960c9dc8-3b23-11e7-a932-d8cb8abce51b	2017-05-17 10:09:28	jpg	27	0	73
968441d4-3b23-11e7-9182-d8cb8abce51b	2017-05-17 10:09:29	jpg	27	0	73
98db3e30-b8e9-11e7-91d7-d8cb8abce51b	2017-10-24 11:31:49	jpg	27	0	0
9980c45e-b8e9-11e7-9425-d8cb8abce51b	2017-10-24 11:31:50	jpg	27	0	0
99ab0fc8-23a9-11e7-ba69-d8cb8abce51b	2017-04-17 13:08:19	jpg	27	2632	76
99d9ddaa-b8e9-11e7-ab3e-d8cb8abce51b	2017-10-24 11:31:50	jpg	27	0	0
99fc3ac0-29e3-11e7-8a5c-d8cb8abce51b	2017-04-25 11:18:37	jpg	27	0	73
9a52aef6-b8e9-11e7-bf6b-d8cb8abce51b	2017-10-24 11:31:51	jpg	27	0	0
9b130d70-23a9-11e7-9c7d-d8cb8abce51b	2017-04-17 13:08:21	jpg	27	2632	76
9c195c34-29e3-11e7-a6b5-d8cb8abce51b	2017-04-25 11:18:41	jpg	27	0	73
9e687ef2-22ef-11e7-8910-d8cb8abce51b	2017-04-16 14:57:04	jpg	27	-1	0
a09564ce-29e3-11e7-a381-d8cb8abce51b	2017-04-25 11:18:48	jpg	27	0	73
a19123d6-22ef-11e7-8aca-d8cb8abce51b	2017-04-16 14:57:06	jpg	27	-1	0
a1dc3880-22ef-11e7-ad26-d8cb8abce51b	2017-04-16 14:57:06	jpg	27	-1	0
a2165cd6-22ef-11e7-af8c-d8cb8abce51b	2017-04-16 14:57:07	jpg	27	-1	0
a25b08b8-22ef-11e7-803d-d8cb8abce51b	2017-04-16 14:57:07	jpg	27	-1	0
a8693b0c-23a4-11e7-899b-d8cb8abce51b	2017-04-17 12:32:56	jpg	27	2632	0
a9056066-22ed-11e7-a98e-d8cb8abce51b	2017-04-16 14:49:14	jpg	27	-1	0
a97cb21c-2539-11e7-836d-d8cb8abce51b	2017-04-19 12:52:04	jpg	43	0	76
ad2025ee-23a8-11e7-907c-d8cb8abce51b	2017-04-17 13:01:42	jpg	27	0	76
ba822068-8cec-11e7-93e5-d8cb8abce51b	2017-08-29 12:03:22	jpg	27	0	76
baaf16f0-3ff2-11e7-9357-d8cb8abce51b	2017-05-23 13:02:20	jpg	27	0	73
bae606d8-3ff2-11e7-a454-d8cb8abce51b	2017-05-23 13:02:20	jpg	27	0	73
be84f184-23a3-11e7-a778-d8cb8abce51b	2017-04-17 12:26:24	jpg	27	0	0
bf7cde0c-2539-11e7-8d95-d8cb8abce51b	2017-04-19 12:52:41	jpg	43	0	73
c042e03a-bda4-11e7-b498-1c666d92d202	2017-10-30 12:01:36	jpg	43	0	117
c0ad47bc-2539-11e7-8b1c-d8cb8abce51b	2017-04-19 12:52:43	jpg	43	0	73
c0db3ac2-2a12-11e7-bf79-d8cb8abce51b	2017-04-25 16:56:09	jpg	27	2966	73
c733707e-9f01-11e7-a02d-1c666d92d202	2017-09-21 12:19:24	jpg	27	0	116
c8903074-9f01-11e7-9f33-1c666d92d202	2017-09-21 12:19:26	jpg	27	0	116
c9f057ec-2539-11e7-89e1-d8cb8abce51b	2017-04-19 12:53:15	jpg	43	0	73
ca000ed4-9f01-11e7-901d-1c666d92d202	2017-09-21 12:19:29	jpg	27	0	116
cb217748-b8e8-11e7-b2c7-d8cb8abce51b	2017-10-24 11:26:03	jpg	27	0	0
cb735ffa-9f01-11e7-a11f-1c666d92d202	2017-09-21 12:19:31	jpg	27	0	116
cc9ab616-61c2-11e7-94a3-d8cb8abce51b	2017-07-05 13:44:54	jpg	27	0	79
ccf2da54-9f01-11e7-9583-1c666d92d202	2017-09-21 12:19:34	jpg	27	0	116
cd847fd0-61c2-11e7-b767-d8cb8abce51b	2017-07-05 13:44:56	jpg	27	0	79
ce300252-9f01-11e7-9194-1c666d92d202	2017-09-21 12:19:36	jpg	27	0	116
cf55c2e8-9f01-11e7-a652-1c666d92d202	2017-09-21 12:19:38	jpg	27	0	116
d0981d72-9f01-11e7-abbb-1c666d92d202	2017-09-21 12:19:40	jpg	27	0	116
d5aecbf0-23a3-11e7-9c26-d8cb8abce51b	2017-04-17 12:27:02	jpg	27	0	0
d644c6cc-2539-11e7-b4d1-d8cb8abce51b	2017-04-19 12:53:19	jpg	43	0	73
dceba936-4a24-11e7-a017-d8cb8abce51b	2017-06-05 12:26:24	jpg	27	0	73
e95e307e-23a7-11e7-b29b-d8cb8abce51b	2017-04-17 12:56:13	jpg	27	0	73
ea1cbbc4-2551-11e7-8d30-d8cb8abce51b	2017-04-19 15:45:40	jpg	43	0	73
eb9810ec-2539-11e7-9911-d8cb8abce51b	2017-04-19 12:53:55	jpg	43	0	73
f06ec64c-2539-11e7-8b07-d8cb8abce51b	2017-04-19 12:54:03	jpg	43	0	73
f11e673c-2539-11e7-a0ee-d8cb8abce51b	2017-04-19 12:54:04	jpg	43	0	73
f1dd1af8-29e2-11e7-bcab-d8cb8abce51b	2017-04-25 11:13:55	jpg	27	0	73
f74c1132-22ef-11e7-a492-d8cb8abce51b	2017-04-16 14:59:29	jpg	27	-1	0
f7d1fd7c-253a-11e7-8cc7-d8cb8abce51b	2017-04-19 13:01:25	jpg	43	0	73
\.

/*
Table structure for table 'public.infiltrationprotocols'
*/

DROP TABLE IF EXISTS "public"."infiltrationprotocols" CASCADE;
CREATE TABLE "public"."infiltrationprotocols" (
	"id" SERIAL NOT NULL,
	"protocol" VARCHAR(255) ,
	"document_id" INTEGER
) WITH OIDS;
DROP INDEX IF EXISTS "PRIMARY";
ALTER TABLE "public"."infiltrationprotocols" ADD CONSTRAINT "PRIMARY" PRIMARY KEY("id");
DROP INDEX IF EXISTS "infiltration_ibfk_1";
CREATE INDEX "infiltration_ibfk_1" ON "public"."infiltrationprotocols"("document_id");

/*
Dumping data for table 'public.infiltrationprotocols'
*/

COPY "public"."infiltrationprotocols"("id","protocol","document_id") FROM stdin;
0	N/A	\N
1	LR White	\N
2	Lowicryl	\N
3	Hard Plus 118	\N
4	mixed lowicryl/LR white	\N
5	LR Gold	\N
\.

/*
Table structure for table 'public.movies'
*/

DROP TABLE IF EXISTS "public"."movies" CASCADE;
CREATE TABLE "public"."movies" (
	"id" VARCHAR(36)  NOT NULL,
	"created" TIMESTAMP DEFAULT CURRENT_TIMESTAMP NOT NULL,
	"fileextension" VARCHAR(16) ,
	"created_by" INTEGER NOT NULL,
	"coverslip_id" INTEGER DEFAULT 0 NOT NULL,
	"block_id" INTEGER DEFAULT 0 NOT NULL
) WITH OIDS;

/*
Dumping data for table 'public.movies'
*/

COPY "public"."movies"("id","created","fileextension","created_by","coverslip_id","block_id") FROM stdin;
83a5bfa6-22f1-11e7-bee1-d8cb8abce51b	2017-04-16 15:10:36	avi	27	-1	0
95d2ec80-22f1-11e7-a084-d8cb8abce51b	2017-04-16 15:11:05	avi	27	2631	0
3c39ee26-2387-11e7-ad33-b4ae2be8fb91	2017-04-17 09:02:19	avi	27	2629	0
0ec4750a-2388-11e7-bd0e-b4ae2be8fb91	2017-04-17 09:08:13	avi	27	-1	0
8231f24a-238a-11e7-8b4b-b4ae2be8fb91	2017-04-17 09:25:45	avi	27	-1	0
068d16c8-239a-11e7-8694-b4ae2be8fb91	2017-04-17 11:16:50	avi	43	-1	0
388a72f8-23a7-11e7-a5bc-d8cb8abce51b	2017-04-17 12:51:22	avi	27	0	0
26723f0e-23a9-11e7-a87d-d8cb8abce51b	2017-04-17 13:05:10	avi	27	0	76
29baefe4-23a9-11e7-aa51-d8cb8abce51b	2017-04-17 13:05:14	avi	27	0	76
3273ac7a-23a9-11e7-aa8b-d8cb8abce51b	2017-04-17 13:05:29	avi	27	0	76
9cb22210-23a9-11e7-8864-d8cb8abce51b	2017-04-17 13:08:28	avi	27	2632	76
68b21802-23aa-11e7-a4ba-b4ae2be8fb91	2017-04-17 13:14:11	avi	43	0	76
0fce14ab-23ac-11e7-852c-b4ae2be8fb91	2017-04-17 13:26:21	avi	43	0	76
290e72ca-23ac-11e7-bd9b-b4ae2be8fb91	2017-04-17 13:26:55	avi	43	0	76
0bc20002-23ba-11e7-9850-d8cb8abce51b	2017-04-17 15:06:05	avi	27	0	73
b54a4b40-23c2-11e7-9293-d8cb8abce51b	2017-04-17 16:08:54	avi	27	0	73
4d0c2b94-247a-11e7-81d2-b4ae2be8fb91	2017-04-18 14:04:44	avi	43	2850	76
654abe42-247e-11e7-bf40-b4ae2be8fb91	2017-04-18 14:31:56	avi	43	2851	76
cc860c0c-253b-11e7-b300-d8cb8abce51b	2017-04-19 13:07:25	avi	43	0	73
e606418c-253c-11e7-b969-d8cb8abce51b	2017-04-19 13:15:21	avi	43	0	73
eefda2bc-253c-11e7-9b26-d8cb8abce51b	2017-04-19 13:15:32	avi	43	0	73
528a46de-2554-11e7-a15d-d8cb8abce51b	2017-04-19 16:02:56	avi	43	0	73
558af05e-2554-11e7-8e5b-d8cb8abce51b	2017-04-19 16:03:00	avi	43	0	73
87130a30-2554-11e7-85fb-d8cb8abce51b	2017-04-19 16:04:50	avi	43	0	73
bcc38c36-2554-11e7-92f2-d8cb8abce51b	2017-04-19 16:05:55	avi	43	0	73
d8001a5a-2554-11e7-b457-b4ae2be8fb91	2017-04-19 16:07:00	avi	43	0	77
a6c91a3a-2555-11e7-8801-d8cb8abce51b	2017-04-19 16:12:27	avi	43	0	73
b0504fb0-2555-11e7-a8fc-d8cb8abce51b	2017-04-19 16:12:48	avi	43	0	73
b4f1947a-2555-11e7-af62-d8cb8abce51b	2017-04-19 16:12:50	avi	43	0	73
b68473ca-2555-11e7-a0b7-d8cb8abce51b	2017-04-19 16:12:52	avi	43	0	73
b809e540-2555-11e7-a2f9-d8cb8abce51b	2017-04-19 16:12:55	avi	43	0	73
8723210c-2556-11e7-9054-d8cb8abce51b	2017-04-19 16:18:42	avi	43	0	73
88534462-2556-11e7-ac58-d8cb8abce51b	2017-04-19 16:18:45	avi	43	0	73
9250e55a-2556-11e7-bd2d-d8cb8abce51b	2017-04-19 16:19:03	avi	43	0	73
001240f0-2559-11e7-88bd-d8cb8abce51b	2017-04-19 16:36:35	avi	43	0	73
312266e8-2559-11e7-aa95-b4ae2be8fb91	2017-04-19 16:44:00	avi	43	0	77
120573da-255a-11e7-9640-b4ae2be8fb91	2017-04-19 16:45:10	avi	43	0	77
4b31be8a-255e-11e7-abb4-b4ae2be8fb91	2017-04-19 17:15:02	avi	43	0	77
0b5be362-25e5-11e7-9f55-b4ae2be8fb91	2017-04-20 09:18:58	avi	43	0	77
0788a45a-25ea-11e7-8f39-b4ae2be8fb91	2017-04-20 09:56:00	avi	30	2847	78
9b1d0236-25ec-11e7-8d79-b4ae2be8fb91	2017-04-20 10:13:47	avi	30	0	78
8714ed48-25ed-11e7-933e-b4ae2be8fb91	2017-04-20 10:20:33	avi	30	2832	78
7316534e-25ee-11e7-8037-b4ae2be8fb91	2017-04-20 10:27:27	avi	30	2844	78
9f2926d6-25ef-11e7-875e-b4ae2be8fb91	2017-04-20 10:35:33	avi	30	2843	78
7ebdeda8-25f1-11e7-a145-b4ae2be8fb91	2017-04-20 10:49:00	avi	30	2833	78
4a790176-25f2-11e7-9709-b4ae2be8fb91	2017-04-20 10:54:46	avi	30	2841	78
00f02622-25f4-11e7-b38a-b4ae2be8fb91	2017-04-20 11:15:24	avi	30	2842	78
5558e248-25f5-11e7-9c2a-b4ae2be8fb91	2017-04-20 11:15:28	avi	30	2840	78
56039bf2-25f5-11e7-a8e3-b4ae2be8fb91	2017-04-20 11:16:03	avi	30	2840	78
54d47db8-25f6-11e7-acea-b4ae2be8fb91	2017-04-20 11:23:37	avi	30	2830	78
7f58f8dc-2607-11e7-8092-b4ae2be8fb91	2017-04-20 13:28:23	avi	30	2834	78
df6dead8-2608-11e7-a67f-b4ae2be8fb91	2017-04-20 13:35:44	avi	30	2829	78
e4eec2e2-2609-11e7-8eea-b4ae2be8fb91	2017-04-20 13:42:54	avi	30	2835	78
0a38e064-260f-11e7-9851-b4ae2be8fb91	2017-04-20 14:20:32	avi	30	2828	78
59d04a3a-2610-11e7-8d1a-b4ae2be8fb91	2017-04-20 14:30:32	avi	30	2836	78
7c068e78-261c-11e7-acb0-b4ae2be8fb91	2017-04-20 15:56:36	avi	30	2827	78
23ea55d8-261e-11e7-b3f6-d8cb8abce51b	2017-04-20 16:07:37	avi	27	2632	73
259fce08-261e-11e7-8c59-d8cb8abce51b	2017-04-20 16:07:38	avi	27	2632	73
b7bf84ee-261f-11e7-9938-b4ae2be8fb91	2017-04-20 16:20:32	avi	30	2826	78
da2d69a4-2621-11e7-9893-b4ae2be8fb91	2017-04-20 16:34:53	avi	30	2824	78
9ddd9608-2622-11e7-bff3-b4ae2be8fb91	2017-04-20 16:45:33	avi	30	2823	78
74e77178-2623-11e7-bc15-b4ae2be8fb91	2017-04-20 16:45:37	avi	30	2822	78
7c620b84-2623-11e7-bb2b-b4ae2be8fb91	2017-04-20 16:46:41	avi	30	2822	78
6659504e-2624-11e7-8f3a-b4ae2be8fb91	2017-04-20 16:53:20	avi	30	2815	78
8b40e606-26b0-11e7-8353-b4ae2be8fb91	2017-04-21 09:36:24	avi	30	2817	78
046bdc82-26b3-11e7-9877-b4ae2be8fb91	2017-04-21 09:56:30	avi	30	2818	78
191f57f2-26b4-11e7-804a-b4ae2be8fb91	2017-04-21 10:05:37	avi	30	2819	78
cbae58c2-26b5-11e7-afe3-b4ae2be8fb91	2017-04-21 10:14:13	avi	30	2820	78
bead894e-26b6-11e7-95c1-b4ae2be8fb91	2017-04-21 10:21:07	avi	30	2968	78
d1e2ff84-26b7-11e7-8bac-b4ae2be8fb91	2017-04-21 10:28:45	avi	30	2967	78
9b1a830e-26b8-11e7-bd41-b4ae2be8fb91	2017-04-21 10:39:47	avi	30	2959	78
1e2e3e88-26ba-11e7-ba3a-b4ae2be8fb91	2017-04-21 10:46:39	avi	30	2960	78
f721597c-26bb-11e7-bdf0-b4ae2be8fb91	2017-04-21 10:58:18	avi	30	2961	78
c29c8f68-26bc-11e7-8a6e-b4ae2be8fb91	2017-04-21 11:04:32	avi	30	2962	78
2b78378e-26be-11e7-9202-b4ae2be8fb91	2017-04-21 11:15:23	avi	30	2963	78
543b202c-26bf-11e7-915e-b4ae2be8fb91	2017-04-21 11:30:13	avi	30	2964	78
82d41313-26d3-11e7-984b-b4ae2be8fb91	2017-04-21 13:45:58	avi	27	0	74
e8a06696-292b-11e7-853b-d8cb8abce51b	2017-04-24 13:23:44	avi	27	0	73
64ab0408-293b-11e7-a991-d8cb8abce51b	2017-04-24 15:14:35	avi	27	0	73
68d25ac2-293b-11e7-8b7a-d8cb8abce51b	2017-04-24 15:14:42	avi	27	0	73
0721084a-2941-11e7-ac50-d8cb8abce51b	2017-04-24 15:55:04	avi	27	0	73
92df7bc8-2941-11e7-84c7-d8cb8abce51b	2017-04-24 15:58:53	avi	27	0	73
d57393a2-2941-11e7-b443-d8cb8abce51b	2017-04-24 16:00:41	avi	27	0	73
e599717a-2941-11e7-acdd-d8cb8abce51b	2017-04-24 16:01:09	avi	27	0	73
d4bfb92a-2943-11e7-8b4a-d8cb8abce51b	2017-04-24 16:15:05	avi	27	0	73
19ee180c-2949-11e7-93b0-d8cb8abce51b	2017-04-24 16:52:46	avi	27	0	73
20f1513c-2949-11e7-9cf7-d8cb8abce51b	2017-04-24 16:52:55	avi	27	0	73
6358ed46-29d5-11e7-b2dc-d8cb8abce51b	2017-04-25 09:36:53	avi	27	0	73
8b657ea6-29dc-11e7-b737-d8cb8abce51b	2017-04-25 10:28:15	avi	27	2629	73
e9da0da4-29e0-11e7-85ca-d8cb8abce51b	2017-04-25 10:59:47	avi	27	0	73
1622c9dc-29e1-11e7-ab14-d8cb8abce51b	2017-04-25 11:00:46	avi	27	2629	73
4c82ca40-29e1-11e7-998c-d8cb8abce51b	2017-04-25 11:02:40	avi	27	2629	73
0885f9d8-29e2-11e7-a089-d8cb8abce51b	2017-04-25 11:07:35	avi	27	2629	73
1260336a-29e2-11e7-aeef-d8cb8abce51b	2017-04-25 11:07:53	avi	27	2629	73
abe7f01c-29e3-11e7-8889-d8cb8abce51b	2017-04-25 11:19:11	avi	27	0	73
bf094736-29e3-11e7-89c5-d8cb8abce51b	2017-04-25 11:19:51	avi	27	0	73
cfff2498-29e3-11e7-8a4a-d8cb8abce51b	2017-04-25 11:20:14	avi	27	0	73
dead25ee-29e3-11e7-bba2-d8cb8abce51b	2017-04-25 11:21:02	avi	27	0	73
57fc31ba-29e4-11e7-9f6c-d8cb8abce51b	2017-04-25 11:24:01	avi	27	0	73
3ca3035a-29e7-11e7-803a-d8cb8abce51b	2017-04-25 11:45:07	avi	27	0	73
a59ff00c-29e7-11e7-a5da-d8cb8abce51b	2017-04-25 11:47:36	avi	27	0	73
587a393a-29e8-11e7-b3c2-d8cb8abce51b	2017-04-25 11:52:42	avi	27	0	73
63b51d42-29e8-11e7-90b8-d8cb8abce51b	2017-04-25 11:53:08	avi	27	2629	73
7654bdea-29e8-11e7-b94d-d8cb8abce51b	2017-04-25 11:53:27	avi	27	2629	73
82abeeb0-29e8-11e7-92f4-d8cb8abce51b	2017-04-25 11:53:50	avi	27	2629	73
f31adec2-29e8-11e7-b658-d8cb8abce51b	2017-04-25 11:56:59	avi	27	2629	73
30e231a2-29f2-11e7-baa4-d8cb8abce51b	2017-04-25 13:03:06	avi	27	2968	73
e0c6ce20-29f2-11e7-8ce1-d8cb8abce51b	2017-04-25 13:08:13	avi	27	2968	73
fbe4b8f2-29f2-11e7-9ed2-d8cb8abce51b	2017-04-25 13:08:56	avi	27	2968	73
2c0aa1a4-29f3-11e7-bf15-d8cb8abce51b	2017-04-25 13:10:11	avi	27	2966	73
34b0c022-29f3-11e7-b0f2-d8cb8abce51b	2017-04-25 13:10:25	avi	27	2966	73
1bf9c9bc-2ace-11e7-9a76-d8cb8abce51b	2017-04-26 15:17:25	avi	27	0	73
24be4672-2ace-11e7-9215-d8cb8abce51b	2017-04-26 15:17:34	avi	27	0	73
2d606d32-2ace-11e7-86fb-d8cb8abce51b	2017-04-26 15:17:49	avi	27	0	73
f386b1e0-2ad0-11e7-8083-d8cb8abce51b	2017-04-26 15:37:40	avi	27	2966	73
fdf39242-2ad0-11e7-8b31-d8cb8abce51b	2017-04-26 15:37:58	avi	27	2966	73
8df3c2f4-2ad1-11e7-8c06-d8cb8abce51b	2017-04-26 15:41:59	avi	27	2632	73
2bd48842-2ad6-11e7-96c4-d8cb8abce51b	2017-04-26 16:15:02	avi	27	2632	73
324df47e-2ad6-11e7-a3c7-d8cb8abce51b	2017-04-26 16:15:13	avi	27	2632	73
46ea8398-2ad6-11e7-9887-d8cb8abce51b	2017-04-26 16:15:50	avi	27	2632	73
a8689fc0-2c47-11e7-9ef3-b4ae2be8fb91	2017-04-28 12:19:54	avi	27	2983	73
e60f286a-30e5-11e7-b850-b4ae2be8fb91	2017-05-04 09:23:30	avi	27	2505	73
8d603776-30e6-11e7-be30-b4ae2be8fb91	2017-05-04 09:28:12	avi	27	2505	73
10b352ca-30e7-11e7-9dff-b4ae2be8fb91	2017-05-04 09:31:51	avi	27	2505	73
7d162a50-30e7-11e7-95f2-b4ae2be8fb91	2017-05-04 09:34:54	avi	27	2505	73
d69baf6e-34f7-11e7-a421-b4ae2be8fb91	2017-05-09 13:42:09	avi	27	2984	73
a739f5ee-34f9-11e7-bbdd-b4ae2be8fb91	2017-05-09 13:55:15	avi	27	0	73
d054a2d4-35c7-11e7-a45f-b4ae2be8fb91	2017-05-10 14:38:07	avi	43	3131	76
994aeb64-35cb-11e7-8b3a-b4ae2be8fb91	2017-05-10 14:57:10	avi	43	3133	76
e6e14f6c-3670-11e7-b20a-b4ae2be8fb91	2017-05-11 10:44:23	avi	43	3140	76
fe286a14-3672-11e7-a3d3-b4ae2be8fb91	2017-05-11 10:55:30	avi	43	3139	76
23c54d9c-3677-11e7-a3a4-b4ae2be8fb91	2017-05-11 11:49:19	avi	43	3137	76
b39b8f0c-36a5-11e7-9675-b4ae2be8fb91	2017-05-11 17:25:07	avi	43	3117	76
752fb942-36a9-11e7-8d96-b4ae2be8fb91	2017-05-11 17:25:10	avi	43	3116	76
75d29d38-36a9-11e7-92ba-b4ae2be8fb91	2017-05-11 17:29:00	avi	43	3116	76
0c400e58-36ab-11e7-b0a5-b4ae2be8fb91	2017-05-11 17:38:10	avi	43	3155	76
ad74de4c-36ac-11e7-bb86-b4ae2be8fb91	2017-05-11 17:48:46	avi	43	3154	76
e85e8840-36b2-11e7-8abc-b4ae2be8fb91	2017-05-11 18:40:57	avi	43	3151	76
4f8b8a90-3744-11e7-9cc9-b4ae2be8fb91	2017-05-12 11:55:22	avi	43	3114	76
bb5e855a-3745-11e7-a17a-b4ae2be8fb91	2017-05-12 12:06:23	avi	43	3115	76
2b116f06-3747-11e7-9a7e-b4ae2be8fb91	2017-05-12 12:17:12	avi	43	3106	76
356566e8-374b-11e7-a1c4-b4ae2be8fb91	2017-05-12 13:59:26	avi	43	3107	76
683437a6-3756-11e7-b9c4-b4ae2be8fb91	2017-05-12 14:04:44	avi	43	3108	76
b3391270-3757-11e7-9e0f-b4ae2be8fb91	2017-05-12 14:14:20	avi	43	3131	76
108c2b32-3759-11e7-8fee-b4ae2be8fb91	2017-05-12 14:23:18	avi	43	3132	76
00f52040-3766-11e7-a95f-b4ae2be8fb91	2017-05-12 16:02:54	avi	43	3135	76
ea1d624e-3ff1-11e7-a288-d8cb8abce51b	2017-05-23 12:56:38	avi	27	0	73
00a4de0c-3ff2-11e7-9fbd-d8cb8abce51b	2017-05-23 12:57:11	avi	27	0	73
306a2db8-3ff2-11e7-a571-d8cb8abce51b	2017-05-23 12:58:31	avi	27	0	73
357fa822-547a-11e7-828d-b4ae2be8fb91	2017-06-18 16:02:38	avi	27	0	73
4bc747f3-674e-11e7-918a-b4ae2be8fb91	2017-07-12 15:06:08	avi	27	0	87
538b592e-674e-11e7-a00b-b4ae2be8fb91	2017-07-12 15:06:26	avi	27	0	87
adb1684f-6753-11e7-98b6-b4ae2be8fb91	2017-07-12 15:44:52	avi	27	0	75
aa23089a-8cec-11e7-8b0e-d8cb8abce51b	2017-08-29 12:03:02	avi	27	0	76
bedcbd6c-8cec-11e7-aff9-d8cb8abce51b	2017-08-29 12:03:31	avi	27	0	76
bf55f096-8ced-11e7-82b5-d8cb8abce51b	2017-08-29 12:13:59	avi	27	0	116
41627406-8cee-11e7-8bba-d8cb8abce51b	2017-08-29 12:14:22	avi	27	0	116
ab4ea8d0-8cee-11e7-8306-d8cb8abce51b	2017-08-29 12:17:21	avi	27	0	116
7e8fd796-8cef-11e7-ba91-d8cb8abce51b	2017-08-29 12:23:12	avi	27	0	116
832ed266-8cef-11e7-8de5-d8cb8abce51b	2017-08-29 12:23:19	avi	27	0	116
f3f57f64-8cf8-11e7-a541-d8cb8abce51b	2017-08-29 13:31:04	avi	27	0	116
31860bb4-8cf9-11e7-bce6-d8cb8abce51b	2017-08-29 13:32:41	avi	27	0	116
427001e6-8cf9-11e7-b2bd-d8cb8abce51b	2017-08-29 13:33:11	avi	27	0	116
56ac6d34-8cf9-11e7-9b02-d8cb8abce51b	2017-08-29 13:33:44	avi	27	0	116
63d87f8e-8cf9-11e7-86ff-d8cb8abce51b	2017-08-29 13:34:02	avi	27	0	116
d790e3d0-8cf9-11e7-ba16-d8cb8abce51b	2017-08-29 13:37:20	avi	27	0	116
e4681d44-8cf9-11e7-9312-d8cb8abce51b	2017-08-29 13:37:39	avi	27	0	116
2bea153c-8cfa-11e7-927a-d8cb8abce51b	2017-08-29 13:39:39	avi	27	0	116
24e318eb-8d15-11e7-a9be-1c666d92d202	2017-08-29 16:52:43	avi	43	3065	116
e663ca3e-8dc7-11e7-9dfb-1c666d92d202	2017-08-30 14:12:24	avi	43	0	116
4c8fde92-8dd2-11e7-93c8-d8cb8abce51b	2017-08-30 15:26:43	avi	27	0	116
c8100fe2-9a48-11e7-8afc-1c666d92d202	2017-09-15 12:12:02	avi	27	3529	117
f4b0acb8-9a49-11e7-9378-1c666d92d202	2017-09-15 12:14:38	avi	27	3529	117
79b6f390-9a4a-11e7-9642-1c666d92d202	2017-09-15 12:18:04	avi	27	3529	117
3dccfd7e-9a4b-11e7-b994-1c666d92d202	2017-09-15 12:25:57	avi	27	3529	117
2fca6486-9a4c-11e7-928c-1c666d92d202	2017-09-15 12:30:05	avi	27	3560	117
2963208c-9a4d-11e7-9244-1c666d92d202	2017-09-15 12:37:21	avi	27	3560	117
dc6ffe52-9a4d-11e7-ac6a-1c666d92d202	2017-09-15 12:41:26	avi	27	3560	117
284ebe70-a3d2-11e7-9508-1c666d92d202	2017-09-27 15:21:08	avi	27	2505	87
6de3f278-a48d-11e7-8ab5-1c666d92d202	2017-09-28 13:41:43	avi	27	3560	87
8ac52042-a48d-11e7-aada-1c666d92d202	2017-09-28 13:43:27	avi	27	3560	87
c146a78e-a48e-11e7-a004-1c666d92d202	2017-09-28 13:51:31	avi	27	3416	87
d375e9e2-a48e-11e7-a96c-1c666d92d202	2017-09-28 13:57:11	avi	27	3416	87
bf3effca-a490-11e7-b97f-1c666d92d202	2017-09-28 14:07:10	avi	27	3086	87
064ed7be-a491-11e7-92bf-1c666d92d202	2017-09-28 14:07:27	avi	27	3086	87
6538b316-a492-11e7-bb7a-1c666d92d202	2017-09-28 14:18:40	avi	27	3087	87
502d72bc-a4a2-11e7-a3ba-1c666d92d202	2017-09-28 16:11:35	avi	27	0	87
4d36622e-a4a9-11e7-ae0a-1c666d92d202	2017-09-28 17:02:55	avi	27	3090	87
681f3866-a4ab-11e7-b0f7-1c666d92d202	2017-09-28 17:18:26	avi	27	3540	87
259a9a56-a4ad-11e7-8f8a-1c666d92d202	2017-09-28 17:29:55	avi	27	3541	87
97051f4b-a56b-11e7-b91a-1c666d92d202	2017-09-29 16:13:44	avi	27	3222	87
9af1ed80-a56c-11e7-a200-1c666d92d202	2017-09-29 16:20:25	avi	27	3223	87
7330df8a-a56d-11e7-ab37-1c666d92d202	2017-09-29 16:26:32	avi	27	3224	87
43dcf948-a56e-11e7-85df-1c666d92d202	2017-09-29 16:31:55	avi	27	3225	87
1acc0386-a56f-11e7-99f6-1c666d92d202	2017-09-29 16:38:03	avi	27	3226	87
f4d20c50-a7be-11e7-9ed4-1c666d92d202	2017-10-02 15:14:37	avi	27	3229	87
d32ae710-a7bf-11e7-94ed-1c666d92d202	2017-10-02 15:22:06	avi	27	3238	87
f1310a9a-a7c0-11e7-a439-1c666d92d202	2017-10-02 15:34:17	avi	27	3239	87
d4779ba2-a7c1-11e7-a6a5-1c666d92d202	2017-10-02 15:35:14	avi	27	3240	87
f9cb73a0-a7c2-11e7-b116-1c666d92d202	2017-10-02 15:43:19	avi	27	3241	87
f0ecb9dc-a7c3-11e7-ba96-1c666d92d202	2017-10-02 15:51:23	avi	27	3242	87
10025a1a-a7ca-11e7-81ec-1c666d92d202	2017-10-02 16:33:48	avi	27	3242	87
cbd23426-a7cb-11e7-a867-1c666d92d202	2017-10-02 16:46:04	avi	27	3233	87
9e7ca53c-a7cc-11e7-afbb-1c666d92d202	2017-10-02 16:52:35	avi	27	3234	87
44ee03d2-a85b-11e7-98e9-1c666d92d202	2017-10-03 09:52:42	avi	27	3235	87
d2c34102-a86c-11e7-924f-1c666d92d202	2017-10-03 11:59:19	avi	27	3236	87
59a65254-a877-11e7-bb94-1c666d92d202	2017-10-03 13:14:05	avi	27	3237	87
de373ac4-a886-11e7-a98f-1c666d92d202	2017-10-03 15:05:39	avi	27	3251	87
df881f00-a887-11e7-836b-1c666d92d202	2017-10-03 15:12:00	avi	27	3251	87
8aff8436-a888-11e7-acd4-1c666d92d202	2017-10-03 15:17:33	avi	27	3251	87
9a7daa0a-a88d-11e7-bc05-1c666d92d202	2017-10-04 13:48:22	avi	27	3251	87
90d1559c-a946-11e7-af4e-1c666d92d202	2017-10-04 14:01:49	avi	27	3691	87
dd8e4682-a947-11e7-859d-1c666d92d202	2017-10-04 14:07:49	avi	27	3692	87
055f9cc4-ad26-11e7-8aba-d8cb8abce51b	2017-10-09 12:14:39	avi	27	0	116
8bc34c84-ad26-11e7-aaa7-d8cb8abce51b	2017-10-09 12:18:01	avi	27	0	116
b0c314b4-ad27-11e7-960b-d8cb8abce51b	2017-10-09 12:26:36	avi	27	0	0
e2438154-ad27-11e7-86ba-d8cb8abce51b	2017-10-09 12:27:37	avi	27	0	116
e004ad84-ad2a-11e7-b521-d8cb8abce51b	2017-10-09 12:49:19	avi	27	0	116
2c3fc0e4-ad2b-11e7-a6de-d8cb8abce51b	2017-10-09 12:51:09	avi	27	0	116
329ec3f4-ad2b-11e7-b72d-d8cb8abce51b	2017-10-09 12:51:18	avi	27	0	116
3b070f14-ad2c-11e7-8dad-d8cb8abce51b	2017-10-09 12:58:38	avi	27	0	116
8b5dc534-ad2c-11e7-b3b3-d8cb8abce51b	2017-10-09 13:00:52	avi	27	0	116
b586c504-ad2c-11e7-8658-d8cb8abce51b	2017-10-09 13:02:04	avi	27	0	116
cd5c9b54-ad2c-11e7-ab4c-d8cb8abce51b	2017-10-09 13:02:45	avi	27	0	116
f85b88c4-ad2c-11e7-879c-d8cb8abce51b	2017-10-09 13:04:38	avi	27	0	116
15e68d94-ad2d-11e7-9eaa-d8cb8abce51b	2017-10-09 13:05:07	avi	27	0	116
67e2f184-ad3a-11e7-993f-d8cb8abce51b	2017-10-09 14:40:07	avi	27	0	116
c6220784-ad3b-11e7-865e-d8cb8abce51b	2017-10-09 14:49:59	avi	27	0	116
d0dc0044-ad3b-11e7-b5de-d8cb8abce51b	2017-10-09 14:50:16	avi	27	0	116
ef71be54-ad3b-11e7-8b17-d8cb8abce51b	2017-10-09 14:51:03	avi	27	0	116
12b15564-ad3c-11e7-a315-d8cb8abce51b	2017-10-09 14:52:03	avi	27	0	116
205e2854-ad3c-11e7-9c7f-d8cb8abce51b	2017-10-09 14:52:25	avi	27	0	116
2a7c2f34-ad3c-11e7-b13a-d8cb8abce51b	2017-10-09 14:52:47	avi	27	0	116
d5b7db08-ad43-11e7-94b2-1c666d92d202	2017-10-09 15:47:51	avi	27	0	87
e683a606-ad43-11e7-bdd0-1c666d92d202	2017-10-09 15:48:02	avi	27	0	87
65b9e936-ad4d-11e7-bace-1c666d92d202	2017-10-09 16:56:02	avi	27	0	87
82bf4620-ad4d-11e7-aa1b-1c666d92d202	2017-10-09 16:56:59	avi	27	0	87
8b5a3b78-ad4d-11e7-9a17-1c666d92d202	2017-10-09 16:57:13	avi	27	0	87
1f8db6a4-aded-11e7-9e2f-1c666d92d202	2017-10-10 11:59:21	avi	27	3252	87
788fd296-aded-11e7-922a-1c666d92d202	2017-10-10 12:04:17	avi	27	3252	87
ebf4e6f4-aded-11e7-9d05-1c666d92d202	2017-10-10 12:06:54	avi	27	3252	87
5ffd52fc-adee-11e7-959a-1c666d92d202	2017-10-10 12:09:39	avi	27	3252	87
92a49ce2-adee-11e7-a913-1c666d92d202	2017-10-10 12:11:15	avi	27	3252	87
d3051a64-adee-11e7-9543-1c666d92d202	2017-10-10 12:11:46	avi	27	3252	87
de42a072-adee-11e7-9c51-1c666d92d202	2017-10-10 12:11:55	avi	27	3252	87
05f990f8-adef-11e7-9660-1c666d92d202	2017-10-10 12:13:31	avi	27	3252	87
2f366e3c-adef-11e7-8498-1c666d92d202	2017-10-10 12:14:28	avi	27	3252	87
2fab93dc-b458-11e7-86b6-1c666d92d202	2017-10-18 16:01:08	avi	27	0	87
0a6827f6-b517-11e7-a43b-d8cb8abce51b	2017-10-19 14:47:06	avi	27	0	87
54091e5e-b519-11e7-afcf-d8cb8abce51b	2017-10-19 15:03:32	avi	27	0	87
b368dc4e-b51a-11e7-843a-d8cb8abce51b	2017-10-19 15:13:48	avi	27	0	116
c84da3ce-b51a-11e7-bffd-d8cb8abce51b	2017-10-19 15:14:06	avi	27	0	0
13340724-b51c-11e7-a53d-d8cb8abce51b	2017-10-19 15:23:14	avi	27	0	0
75fa9dd7-b51d-11e7-9470-1c666d92d202	2017-10-19 15:33:03	avi	27	0	87
c57d0876-b51d-11e7-a61a-1c666d92d202	2017-10-19 15:35:24	avi	27	0	0
f92e51fc-b829-11e7-8f0e-d8cb8abce51b	2017-10-23 12:40:11	avi	27	0	87
58280d4c-b82a-11e7-bc5d-d8cb8abce51b	2017-10-23 12:43:01	avi	27	0	0
211a7ce0-b9ba-11e7-976a-d8cb8abce51b	2017-10-25 12:24:39	avi	27	0	0
4beec018-bda5-11e7-8c1e-1c666d92d202	2017-10-30 12:05:43	avi	43	0	117
a3ef0f90-bda8-11e7-91b9-d8cb8abce51b	2017-10-30 12:30:00	avi	27	0	0
2c0de6da-bda9-11e7-86bd-d8cb8abce51b	2017-10-30 12:33:45	avi	27	0	0
8687e2b4-bda9-11e7-aba5-d8cb8abce51b	2017-10-30 12:35:47	avi	27	0	0
88adb186-bda9-11e7-8225-d8cb8abce51b	2017-10-30 12:35:50	avi	27	0	0
d46d5126-bda9-11e7-bc1c-d8cb8abce51b	2017-10-30 12:38:13	avi	27	0	0
066dbf8a-bdaa-11e7-be52-d8cb8abce51b	2017-10-30 12:40:21	avi	27	0	0
55c245e2-bdaa-11e7-9879-d8cb8abce51b	2017-10-30 12:51:34	avi	27	0	0
149ec692-bdb1-11e7-939e-d8cb8abce51b	2017-10-30 13:35:36	avi	27	0	0
f91357d4-bdb1-11e7-947e-d8cb8abce51b	2017-10-30 13:36:17	avi	27	0	0
ff7be14e-bdb2-11e7-aa0a-d8cb8abce51b	2017-10-30 13:53:35	avi	27	0	0
51331578-bf4a-11e7-84b3-1c666d92d202	2017-11-01 14:25:59	avi	43	0	117
37a239ac-bf4c-11e7-a7cc-1c666d92d202	2017-11-01 14:33:49	avi	43	0	117
5ffd97f8-c0c2-11e7-a531-1c666d92d202	2017-11-03 11:12:22	avi	43	0	0
\.

/*
Table structure for table 'public.notes'
*/

DROP TABLE IF EXISTS "public"."notes" CASCADE;
CREATE TABLE "public"."notes" (
	"id" SERIAL NOT NULL,
	"note" TEXT NOT NULL,
	"created_on" TIMESTAMP DEFAULT CURRENT_TIMESTAMP NOT NULL,
	"created_by" INTEGER NOT NULL
) WITH OIDS;
DROP INDEX IF EXISTS "PRIMARY";
ALTER TABLE "public"."notes" ADD CONSTRAINT "PRIMARY" PRIMARY KEY("id");

/*
Dumping data for table 'public.notes'
*/

COPY "public"."notes"("id","note","created_on","created_by") FROM stdin;
8	Ribbon Note..dasfsdf	2017-04-11 16:36:56	27
9	Hello,Hello,Hello,,dsfdaf	2017-04-11 16:45:34	27
10	Hello,Hello,,,adfadfaf	2017-04-11 16:46:39	27
11	asdfgafg\nsfg\n\n\nadfgagd	2017-04-11 16:48:45	27
12	This isalmost working!\n\nWith new lines	2017-04-11 16:50:27	27
13	Sometimes you need one more note	2017-04-11 16:51:19	27
14	Testing 1	2017-04-11 17:00:28	27
15	Test 2	2017-04-11 17:01:26	27
16	Testing 3	2017-04-11 17:02:00	27
17	Test	2017-04-13 10:12:39	27
19	Test 1	2017-04-14 14:30:11	27
20	tr67r76r76	2017-04-14 14:39:57	27
21	Barria 1:10_3	2017-04-18 13:25:53	43
22	First ribbon	2017-04-18 13:56:14	43
23	lots of chatter	2017-04-18 14:33:07	43
24	Barria 1:10_6\n\n	2017-04-20 09:20:17	43
26	Test\n	2017-04-20 10:57:45	27
27	Block Note 2	2017-04-20 10:57:51	27
29	Block Note..Barria_undiluted_1\n	2017-05-09 10:34:59	43
30	some sectionsmissed between R2 & R3	2017-05-10 14:31:18	43
31	1st section far from rest of ribbon	2017-05-10 15:32:46	43
32	Start of day. Beginning of ribbon s little goofy.	2017-05-11 10:28:31	43
33	3 smaller partial sections at star	2017-05-11 10:44:15	43
34	last ribbon not attached to ribbon	2017-05-11 10:56:33	43
35	last section not connected to rest of ribbon	2017-05-11 10:57:42	43
36	sorry	2017-05-11 16:40:37	43
37	fell apart	2017-05-11 18:40:48	43
38	70 nm for sextions	2017-05-11 19:15:44	43
39	messy unknown sections	2017-05-11 20:21:44	43
40	lost 2-3 section at the end :(	2017-05-11 21:03:54	43
41	needs pap pen probs.  1st ribbon with new knife	2017-05-12 11:44:09	43
42	srart of ddecent ribbon with new knife	2017-05-12 11:55:19	43
43	a littler screwy	2017-05-12 15:42:10	43
44	wierd stuff at start... sorry :(	2017-05-12 16:38:53	43
45	1 ultra thick section	2017-05-12 17:41:28	43
46	thicker 200 nm sections except giant 1st one!	2017-05-13 14:15:23	43
47	thick 1st section	2017-05-13 14:50:27	43
48	thick final section	2017-05-13 15:05:23	43
49	Block Note..asdfasdf	2017-06-20 15:48:07	27
50	Block Note.. hello	2017-06-20 15:48:15	27
51	Olga leartning sql \n Note..	2017-06-20 15:48:26	27
52	This is just a test	2017-07-12 16:21:04	43
53	just a testttt	2017-07-12 16:27:09	27
55	Block Note..adfadf	2017-07-28 15:46:09	27
56	Test	2017-09-07 12:54:12	27
66	Ribbon Note..	2017-08-01 16:45:11	27
67	Ribbon Note..	2017-08-01 16:45:49	27
68	This is a test from ArrayCam\n	2017-08-01 16:47:56	27
69	Testing from ArrayCam\n	2017-08-01 17:11:04	27
71	Block Note..	2017-08-28 16:31:10	43
72	Testing	2017-08-29 12:10:21	27
73	tk testing	2017-08-30 14:26:56	27
74	tk test	2017-09-14 16:15:01	27
75	yrtyn tu tyu 	2017-09-15 12:03:24	27
76	movie	2017-09-15 12:11:39	27
77	Use this block when taking images and movies that are not related to a block	2017-10-23 16:06:13	27
78	Ribbon Note..	2017-10-24 16:15:55	27
79	Testing again	2017-10-27 12:33:35	27
80	afadf 	2017-10-27 12:34:26	27
81	Testing again ..!	2017-10-27 13:00:59	27
82	Testing synchronizwe	2017-10-31 13:19:10	27
83	This is a test ribbon	2017-10-31 13:35:40	27
84	Block Note..	2017-11-07 11:05:34	43
85	tissue not full face anymore	2017-11-08 10:47:37	43
\.

/*
Table structure for table 'public.people'
*/

DROP TABLE IF EXISTS "public"."people" CASCADE;
CREATE TABLE "public"."people" (
	"id" SERIAL NOT NULL,
	"user_name" VARCHAR(255)  NOT NULL,
	"created" TIMESTAMP DEFAULT CURRENT_TIMESTAMP NOT NULL
) WITH OIDS;
DROP INDEX IF EXISTS "PRIMARY";
ALTER TABLE "public"."people" ADD CONSTRAINT "PRIMARY" PRIMARY KEY("id");
DROP INDEX IF EXISTS "user_name";
CREATE UNIQUE INDEX "user_name" ON "public"."people"("user_name");

/*
Dumping data for table 'public.people'
*/

COPY "public"."people"("id","user_name","created") FROM stdin;
27	Totte	2016-10-07 09:00:08
30	Sarah	2016-10-10 14:32:46
40	Olga	2016-12-12 13:14:46
41	Leila	2017-03-24 10:04:08
42	Michelle	2017-03-31 16:03:54
43	Jenna	2017-04-17 09:32:26
\.

/*
Table structure for table 'public.postfixprotocols'
*/

DROP TABLE IF EXISTS "public"."postfixprotocols" CASCADE;
CREATE TABLE "public"."postfixprotocols" (
	"id" SERIAL NOT NULL,
	"protocol" VARCHAR(255) ,
	"document_id" INTEGER
) WITH OIDS;
DROP INDEX IF EXISTS "PRIMARY";
ALTER TABLE "public"."postfixprotocols" ADD CONSTRAINT "PRIMARY" PRIMARY KEY("id");
DROP INDEX IF EXISTS "postfix_ibfk_1";
CREATE INDEX "postfix_ibfk_1" ON "public"."postfixprotocols"("document_id");

/*
Dumping data for table 'public.postfixprotocols'
*/

COPY "public"."postfixprotocols"("id","protocol","document_id") FROM stdin;
0	N/A	\N
1	none	\N
2	4%PFA + 2% Glut in PB 1-3 hour	\N
3	4%PFA + 2% Glut in PB Overnight	\N
4	2%PFA + 2% Glut in PB 1-3 hour	\N
5	2%PFA + 2% Glut in PB Overnight	\N
6	4%PFA + 1% Glut in PB 1-3 hour	\N
7	4%PFA + 1% Glut in PB Overnight	\N
8	4%PFA 1-3 hour	\N
9	4%PFA Overnight	\N
10	4%PFA, then shipped 4%PFA, 1%glut\n	\N
11	Osmium	\N
\.

/*
Table structure for table 'public.preprocesstreatmentprotocols'
*/

DROP TABLE IF EXISTS "public"."preprocesstreatmentprotocols" CASCADE;
CREATE TABLE "public"."preprocesstreatmentprotocols" (
	"id" SERIAL NOT NULL,
	"protocol" VARCHAR(255) ,
	"document_id" INTEGER
) WITH OIDS;
DROP INDEX IF EXISTS "PRIMARY";
ALTER TABLE "public"."preprocesstreatmentprotocols" ADD CONSTRAINT "PRIMARY" PRIMARY KEY("id");
DROP INDEX IF EXISTS "preprocesstreatment_ibfk_1";
CREATE INDEX "preprocesstreatment_ibfk_1" ON "public"."preprocesstreatmentprotocols"("document_id");

/*
Dumping data for table 'public.preprocesstreatmentprotocols'
*/

COPY "public"."preprocesstreatmentprotocols"("id","protocol","document_id") FROM stdin;
0	N/A	\N
1	Multiple treatments	\N
2	Two viruses: HSV_HEF1a EGFP HT, HSV_HEF1a Cherry HT\n	\N
3	HSV_HEF1a EGFP HT\n	\N
4	HSV_HEF1 EGFP HT diluted 1:1	\N
5	HSV_HEF1 EGFP HT diluted 1:5	\N
6	HSV_HEF1 EGFP HT diluted 1:10\n	\N
7	HSV_HEF1 EGFP HT single spot inoculation\n	\N
8	HSV_hsyn1 EYFP (synaptic neuron specific promoter)	\N
9	cultured slice day 0	\N
10	cultured slice day 1\n	\N
11	cultured slice day 2	\N
12	cultured slice day 3	\N
13	cultured slice day 4	\N
14	Acute slice \n	\N
15	HSV_HEF1 EYFP 	\N
16	HSV_DLX_GFP 	\N
17	HSV-hSyn1-EYFP	\N
18	HSV-hSyn1-EYFP 1:25	\N
19	uninfected (control)	\N
20	cultured slice day 5	\N
\.

/*
Table structure for table 'public.ribbon_note'
*/

DROP TABLE IF EXISTS "public"."ribbon_note" CASCADE;
CREATE TABLE "public"."ribbon_note" (
	"ribbon_id" VARCHAR(36) ,
	"note_id" INTEGER
) WITH OIDS;
DROP INDEX IF EXISTS "ribbon_id";
CREATE INDEX "ribbon_id" ON "public"."ribbon_note"("ribbon_id");
DROP INDEX IF EXISTS "note_id";
CREATE INDEX "note_id" ON "public"."ribbon_note"("note_id");

/*
Dumping data for table 'public.ribbon_note'
*/

COPY "public"."ribbon_note"("ribbon_id","note_id") FROM stdin;
64d299d0-2479-11e7-bca4-b4ae2be8fb91	22
95780818-247e-11e7-aef2-b4ae2be8fb91	23
f1ee76e0-35c7-11e7-9e4c-b4ae2be8fb91	30
8b3f4588-35d0-11e7-854c-b4ae2be8fb91	31
30b9088e-366f-11e7-a7f0-b4ae2be8fb91	32
69a0c1d0-3671-11e7-bcfd-b4ae2be8fb91	33
20614ca4-3673-11e7-8fca-b4ae2be8fb91	34
4473e30e-3673-11e7-956c-b4ae2be8fb91	35
32afa754-36a3-11e7-8670-b4ae2be8fb91	36
008e3018-36b4-11e7-9e62-b4ae2be8fb91	37
df5f3540-36b8-11e7-82e9-b4ae2be8fb91	38
17ad9244-36c2-11e7-ac56-b4ae2be8fb91	39
f89ff602-36c7-11e7-8cdc-b4ae2be8fb91	40
e3a07cc4-3742-11e7-961a-b4ae2be8fb91	41
7da4dce2-3744-11e7-bf0b-b4ae2be8fb91	42
32e18942-3764-11e7-a74a-b4ae2be8fb91	43
1ef910be-376c-11e7-9c7d-b4ae2be8fb91	44
da513906-3774-11e7-858d-b4ae2be8fb91	45
37dd5fee-3821-11e7-9412-b4ae2be8fb91	46
22faae1a-3826-11e7-89cc-b4ae2be8fb91	47
376dbfc0-3828-11e7-98f8-b4ae2be8fb91	48
bc1dadfc-6758-11e7-bcc4-d8cb8abce51b	52
f89ff602-36c7-11e7-8cdc-b4ae2be8fb91	68
376dbfc0-3828-11e7-98f8-b4ae2be8fb91	69
d6a9ab70-8dc9-11e7-b6fc-1c666d92d202	73
751ddb62-99a2-11e7-bba4-1c666d92d202	74
719661ca-9a48-11e7-a191-1c666d92d202	75
a80bce92-9a49-11e7-a61d-1c666d92d202	76
83ccbfa4-bb51-11e7-9c67-d8cb8abce51b	81
af35cab2-be78-11e7-bbb8-d8cb8abce51b	82
0275d6f2-be7b-11e7-9d91-d8cb8abce51b	83
2a24dbfe-c4b5-11e7-9959-1c666d92d202	85
\.

/*
Table structure for table 'public.ribbons'
*/

DROP TABLE IF EXISTS "public"."ribbons" CASCADE;
CREATE TABLE "public"."ribbons" (
	"id" VARCHAR(36)  NOT NULL,
	"status" INTEGER DEFAULT 1 NOT NULL,
	"block_id" INTEGER DEFAULT -1 NOT NULL,
	"cutting_order" INTEGER DEFAULT -1 NOT NULL,
	"nr_of_sections" SMALLINT DEFAULT 0,
	"created" TIMESTAMP DEFAULT CURRENT_TIMESTAMP NOT NULL,
	"modified" TIMESTAMP DEFAULT CURRENT_TIMESTAMP NOT NULL,
	"created_by" INTEGER NOT NULL,
	"coverslip_id" INTEGER NOT NULL
) WITH OIDS;
DROP INDEX IF EXISTS "PRIMARY";
ALTER TABLE "public"."ribbons" ADD CONSTRAINT "PRIMARY" PRIMARY KEY("id");
DROP INDEX IF EXISTS "block_id";
CREATE INDEX "block_id" ON "public"."ribbons"("block_id");
DROP INDEX IF EXISTS "created_by";
CREATE INDEX "created_by" ON "public"."ribbons"("created_by");
DROP INDEX IF EXISTS "coverslip_id";
CREATE INDEX "coverslip_id" ON "public"."ribbons"("coverslip_id");
DROP INDEX IF EXISTS "status";
CREATE INDEX "status" ON "public"."ribbons"("status");

/*
Dumping data for table 'public.ribbons'
*/

COPY "public"."ribbons"("id","status","block_id","cutting_order","nr_of_sections","created","modified","created_by","coverslip_id") FROM stdin;
007fc80a-26bc-11e7-9b5d-b4ae2be8fb91	1	78	26	20	2017-04-21 10:57:54	2017-04-21 10:57:54	30	2961
008e3018-36b4-11e7-9e62-b4ae2be8fb91	1	76	23	20	2017-05-11 18:40:48	2017-05-11 18:40:48	43	3151
0275d6f2-be7b-11e7-9d91-d8cb8abce51b	1	0	1	10	2017-10-31 13:35:40	2017-10-31 13:35:40	27	3780
04a812a6-26b3-11e7-b28d-b4ae2be8fb91	1	78	19	20	2017-04-21 09:53:29	2017-04-21 09:53:29	30	2818
0790c9a0-c34c-11e7-a3e4-1c666d92d202	1	118	4	46	2017-11-06 15:41:44	2017-11-06 15:41:44	43	3715
082e44f8-3500-11e7-92a4-b4ae2be8fb91	1	79	16	9	2017-05-09 14:40:01	2017-05-09 14:40:01	43	3170
0c3aeff2-c4b0-11e7-a6dd-1c666d92d202	1	119	8	70	2017-11-08 10:10:33	2017-11-08 10:10:33	43	3766
0f32d846-c34d-11e7-9438-1c666d92d202	1	118	5	45	2017-11-06 15:49:14	2017-11-06 15:49:14	43	3714
0f8918d4-3746-11e7-b05e-b4ae2be8fb91	1	76	32	20	2017-05-12 12:06:19	2017-05-12 12:06:19	43	3115
115d86bc-36a7-11e7-85bc-b4ae2be8fb91	1	76	17	20	2017-05-11 17:08:05	2017-05-11 17:08:05	43	3117
157fe72e-260a-11e7-ab96-b4ae2be8fb91	1	78	10	20	2017-04-20 13:44:12	2017-04-20 13:44:12	30	2835
17ad9244-36c2-11e7-ac56-b4ae2be8fb91	1	76	28	20	2017-05-11 20:21:44	2017-05-11 20:21:44	43	3111
1d6e7aa4-3767-11e7-97e6-b4ae2be8fb91	1	76	42	25	2017-05-12 16:02:50	2017-05-12 16:02:50	43	3135
1e8a9cc4-26b4-11e7-950d-b4ae2be8fb91	1	78	20	20	2017-04-21 10:01:22	2017-04-21 10:01:22	30	2819
1ef910be-376c-11e7-9c7d-b4ae2be8fb91	1	76	43	5	2017-05-12 16:38:53	2017-05-12 16:38:53	43	3170
1efa446a-c340-11e7-ad21-1c666d92d202	1	118	2	50	2017-11-06 14:16:37	2017-11-06 14:16:37	43	3717
20614ca4-3673-11e7-8fca-b4ae2be8fb91	1	76	11	16	2017-05-11 10:56:33	2017-05-11 10:56:33	43	3139
22faae1a-3826-11e7-89cc-b4ae2be8fb91	1	76	46	15	2017-05-13 14:50:27	2017-05-13 14:50:27	43	3167
272cc234-26ba-11e7-94cf-b4ae2be8fb91	1	78	25	19	2017-04-21 10:44:36	2017-04-21 10:44:36	30	2960
2a24dbfe-c4b5-11e7-9959-1c666d92d202	1	119	12	70	2017-11-08 10:47:37	2017-11-08 10:47:37	43	3762
2a351768-c419-11e7-a1e1-1c666d92d202	1	119	5	70	2017-11-07 16:10:08	2017-11-07 16:10:08	43	3769
2a9b85c4-c410-11e7-a779-1c666d92d202	1	119	0	70	2017-11-07 15:05:43	2017-11-07 15:05:43	43	3774
2b5352d6-25ea-11e7-b023-b4ae2be8fb91	1	78	0	20	2017-04-20 09:55:47	2017-04-20 09:55:47	43	2847
2e803072-c33e-11e7-94a4-1c666d92d202	1	118	1	50	2017-11-06 14:03:07	2017-11-06 14:03:07	43	3718
30b9088e-366f-11e7-a7f0-b4ae2be8fb91	1	76	8	15	2017-05-11 10:28:31	2017-05-11 10:28:31	43	3125
31bf87fa-26be-11e7-a13b-b4ae2be8fb91	1	78	28	20	2017-04-21 11:13:33	2017-04-21 11:13:33	30	2963
32afa754-36a3-11e7-8670-b4ae2be8fb91	1	76	16	10	2017-05-11 16:40:36	2017-05-11 16:40:36	43	3118
32e18942-3764-11e7-a74a-b4ae2be8fb91	1	76	41	24	2017-05-12 15:42:10	2017-05-12 15:42:10	43	3134
337a0dc6-3754-11e7-8427-b4ae2be8fb91	1	76	35	15	2017-05-12 13:47:26	2017-05-12 13:47:26	43	3110
34107b76-3759-11e7-912d-b4ae2be8fb91	1	76	39	20	2017-05-12 14:23:14	2017-05-12 14:23:14	43	3132
362e14a2-c4b4-11e7-b597-1c666d92d202	1	119	11	80	2017-11-08 10:40:14	2017-11-08 10:40:14	43	3763
376dbfc0-3828-11e7-98f8-b4ae2be8fb91	1	76	47	15	2017-05-13 15:05:23	2017-05-13 15:05:23	43	3166
37dd5fee-3821-11e7-9412-b4ae2be8fb91	1	76	44	25	2017-05-13 14:15:23	2017-05-13 14:15:23	43	3169
3a1171fa-36bf-11e7-83a5-b4ae2be8fb91	1	76	27	20	2017-05-11 20:01:07	2017-05-11 20:01:07	43	3121
3af4aeec-3503-11e7-a7e1-b4ae2be8fb91	1	79	20	7	2017-05-09 15:02:53	2017-05-09 15:02:53	43	3166
3cc77c16-c3f3-11e7-ac72-1c666d92d202	1	119	0	10	2017-11-07 11:38:36	2017-11-07 11:38:36	43	3728
3e65c616-36ab-11e7-ae53-b4ae2be8fb91	1	76	19	21	2017-05-11 17:38:06	2017-05-11 17:38:06	43	3155
4097369e-260d-11e7-ac96-b4ae2be8fb91	1	78	11	20	2017-04-20 14:06:51	2017-04-20 14:06:51	30	2828
41ee53cc-c416-11e7-a0aa-1c666d92d202	1	119	4	50	2017-11-07 15:49:29	2017-11-07 15:49:29	43	3770
4473e30e-3673-11e7-956c-b4ae2be8fb91	1	76	10	16	2017-05-11 10:57:42	2017-05-11 10:57:42	43	3139
457d9cf2-3698-11e7-add8-b4ae2be8fb91	1	76	13	20	2017-05-11 15:22:10	2017-05-11 15:22:10	43	3136
4c625c0c-3755-11e7-9fcd-b4ae2be8fb91	1	76	36	18	2017-05-12 13:55:18	2017-05-12 13:55:18	43	3109
4ce75624-25f2-11e7-b94a-b4ae2be8fb91	1	78	6	20	2017-04-20 10:53:54	2017-04-20 10:53:54	30	2841
4fca4158-35ce-11e7-a8f4-b4ae2be8fb91	1	76	6	15	2017-05-10 15:16:30	2017-05-10 15:16:30	43	3134
51aed6c0-375c-11e7-8224-b4ae2be8fb91	1	76	40	20	2017-05-12 14:45:32	2017-05-12 14:45:32	43	3133
51d08c8a-36b6-11e7-9a34-b4ae2be8fb91	1	76	24	20	2017-05-11 18:57:15	2017-05-11 18:57:15	43	3124
56edc4ec-25f6-11e7-be02-b4ae2be8fb91	1	78	7	20	2017-04-20 11:22:52	2017-04-20 11:22:52	30	2830
5930fff6-374b-11e7-86c5-b4ae2be8fb91	1	76	34	15	2017-05-12 12:44:03	2017-05-12 12:44:03	43	3107
59c89cae-c40d-11e7-a388-1c666d92d202	1	119	0	70	2017-11-07 14:45:43	2017-11-07 14:45:43	43	3727
5ae6fe2c-3502-11e7-9dfb-b4ae2be8fb91	1	79	19	7	2017-05-09 14:56:37	2017-05-09 14:56:37	43	3167
5da699bc-238a-11e7-97d1-b4ae2be8fb91	1	75	0	0	2017-04-17 09:25:10	2017-04-17 09:25:10	27	2629
5fb0a35a-26bf-11e7-9a26-b4ae2be8fb91	1	78	28	20	2017-04-21 11:21:56	2017-04-21 11:21:56	30	2964
64d299d0-2479-11e7-bca4-b4ae2be8fb91	1	76	0	20	2017-04-18 13:56:14	2017-04-18 13:56:14	43	2849
674b70c2-2624-11e7-9cca-b4ae2be8fb91	1	78	18	20	2017-04-20 16:52:38	2017-04-20 16:52:38	30	2815
69a0c1d0-3671-11e7-bcfd-b4ae2be8fb91	1	76	9	15	2017-05-11 10:44:15	2017-05-11 10:44:15	43	3140
6b5283ee-22e2-11e7-ae60-b4ae2be8fb91	1	75	0	0	2017-04-16 13:22:34	2017-04-16 13:22:34	27	2629
6c65c232-2611-11e7-b788-b4ae2be8fb91	1	78	13	20	2017-04-20 14:36:42	2017-04-20 14:36:42	30	2832
6cb14326-c34e-11e7-9051-1c666d92d202	1	118	6	45	2017-11-06 15:59:01	2017-11-06 15:59:01	43	3713
717873d2-c341-11e7-a733-1c666d92d202	1	118	3	45	2017-11-06 14:25:58	2017-11-06 14:25:58	43	3716
719661ca-9a48-11e7-a191-1c666d92d202	1	117	2	293	2017-09-15 12:03:24	2017-09-15 12:03:24	27	3039
71dc138a-c4b1-11e7-84f2-1c666d92d202	1	119	9	70	2017-11-08 10:20:13	2017-11-08 10:20:13	43	3765
72925472-c413-11e7-a294-1c666d92d202	1	119	2	70	2017-11-07 15:29:15	2017-11-07 15:29:15	43	3772
751ddb62-99a2-11e7-bba4-1c666d92d202	1	111	0	13	2017-09-14 16:15:00	2017-09-14 16:15:00	27	3039
75f046de-c4b2-11e7-ad6f-1c666d92d202	1	119	10	75	2017-11-08 10:27:30	2017-11-08 10:27:30	43	3764
76e129c2-25ee-11e7-80ed-b4ae2be8fb91	1	78	0	20	2017-04-20 10:26:25	2017-04-20 10:26:25	30	2844
77347d94-c4ad-11e7-848e-1c666d92d202	1	119	6	70	2017-11-08 09:52:00	2017-11-08 09:52:00	43	3768
77f5f158-3674-11e7-b48e-b4ae2be8fb91	1	76	11	12	2017-05-11 11:05:57	2017-05-11 11:05:57	43	3138
7b78cdf6-35c9-11e7-9bbd-b4ae2be8fb91	1	76	4	15	2017-05-10 14:41:58	2017-05-10 14:41:58	43	3132
7da4dce2-3744-11e7-bf0b-b4ae2be8fb91	1	76	31	20	2017-05-12 11:55:19	2017-05-12 11:55:19	43	3114
81225f02-25f1-11e7-8627-b4ae2be8fb91	1	78	5	20	2017-04-20 10:48:15	2017-04-20 10:48:15	30	2833
83ccbfa4-bb51-11e7-9c67-d8cb8abce51b	1	0	4	2	2017-10-27 13:00:59	2017-10-27 13:00:59	27	3780
850b8f2e-2607-11e7-8667-b4ae2be8fb91	1	78	8	20	2017-04-20 13:25:49	2017-04-20 13:25:49	30	2834
8621c576-3756-11e7-96f0-b4ae2be8fb91	1	76	37	18	2017-05-12 14:04:03	2017-05-12 14:04:03	43	3108
86fb497a-260f-11e7-bfea-b4ae2be8fb91	1	78	12	20	2017-04-20 14:23:07	2017-04-20 14:23:07	30	2828
8b3f4588-35d0-11e7-854c-b4ae2be8fb91	1	76	7	15	2017-05-10 15:32:46	2017-05-10 15:32:46	43	3135
8b54d7b0-25ed-11e7-b024-b4ae2be8fb91	1	78	0	20	2017-04-20 10:19:49	2017-04-20 10:19:49	30	2832
8bd02b82-36ae-11e7-ad90-b4ae2be8fb91	1	76	21	10	2017-05-11 18:01:41	2017-05-11 18:01:41	43	3153
8e37e978-261e-11e7-a744-b4ae2be8fb91	1	78	15	20	2017-04-20 16:10:42	2017-04-20 16:10:42	30	2825
8ed2a8c0-3747-11e7-9e85-b4ae2be8fb91	1	76	33	15	2017-05-12 12:17:09	2017-05-12 12:17:09	43	3106
8f168042-26b0-11e7-ba37-b4ae2be8fb91	1	78	18	20	2017-04-21 09:35:59	2017-04-21 09:35:59	30	2817
902260f4-26c0-11e7-a7a0-b4ae2be8fb91	1	78	29	20	2017-04-21 11:30:30	2017-04-21 11:30:30	30	2966
95780818-247e-11e7-aef2-b4ae2be8fb91	1	76	2	15	2017-04-18 14:33:07	2017-04-18 14:33:07	43	2851
95ed6d0a-25ec-11e7-88c7-b4ae2be8fb91	1	78	0	20	2017-04-20 10:12:59	2017-04-20 10:12:59	30	2845
96c9eb98-c33c-11e7-a414-1c666d92d202	1	118	0	50	2017-11-06 13:51:17	2017-11-06 13:51:17	43	3719
9d27332a-3501-11e7-8c12-b4ae2be8fb91	1	79	18	8	2017-05-09 14:51:19	2017-05-09 14:51:19	43	3168
9d36e494-261c-11e7-acc0-b4ae2be8fb91	1	78	14	20	2017-04-20 15:56:48	2017-04-20 15:56:48	30	2827
9e72989a-2387-11e7-865b-b4ae2be8fb91	1	75	0	0	2017-04-17 09:05:27	2017-04-17 09:05:27	27	2629
a069ccbc-25ef-11e7-827b-b4ae2be8fb91	1	78	4	20	2017-04-20 10:34:55	2017-04-20 10:34:55	30	2843
a655a1d6-26b8-11e7-a9f4-b4ae2be8fb91	1	78	24	20	2017-04-21 10:33:49	2017-04-21 10:33:49	30	2959
a7c8497e-369e-11e7-a37c-b4ae2be8fb91	1	76	15	15	2017-05-11 16:08:11	2017-05-11 16:08:11	43	3119
a7c87daa-367a-11e7-b24d-b4ae2be8fb91	1	76	12	10	2017-05-11 15:12:46	2017-05-11 15:12:46	43	3137
a80bce92-9a49-11e7-a61d-1c666d92d202	1	117	2	10	2017-09-15 12:11:39	2017-09-15 12:11:39	27	3529
a9e8ee0e-36b0-11e7-a1d0-b4ae2be8fb91	1	76	22	20	2017-05-11 18:16:46	2017-05-11 18:16:46	43	3152
af35cab2-be78-11e7-bbb8-d8cb8abce51b	1	0	3	2	2017-10-31 13:19:10	2017-10-31 13:19:10	27	3787
b4b6f53a-36a9-11e7-bcf9-b4ae2be8fb91	1	76	18	20	2017-05-11 17:26:58	2017-05-11 17:26:58	43	3116
b4d5d25c-247a-11e7-917c-b4ae2be8fb91	1	76	1	15	2017-04-18 14:05:17	2017-04-18 14:05:17	43	2850
b6aa2302-9a4b-11e7-8555-1c666d92d202	1	117	3	11	2017-09-15 12:26:16	2017-09-15 12:26:16	27	3529
ba4ba008-c34f-11e7-ba88-1c666d92d202	1	118	7	40	2017-11-06 16:08:20	2017-11-06 16:08:20	43	3712
bc1dadfc-6758-11e7-bcc4-d8cb8abce51b	1	76	0	0	2017-07-12 16:21:04	2017-07-12 16:21:04	43	2968
bd7d8204-3822-11e7-bbfc-b4ae2be8fb91	1	76	45	15	2017-05-13 14:25:53	2017-05-13 14:25:53	43	3168
be34e648-22d7-11e7-9f3f-d8cb8abce51b	1	75	0	0	2017-04-16 12:06:08	2017-04-16 12:06:08	27	2632
c0e29430-261f-11e7-bb66-b4ae2be8fb91	1	78	16	20	2017-04-20 16:19:18	2017-04-20 16:19:18	30	2826
c5c26152-3500-11e7-835f-b4ae2be8fb91	1	79	17	9	2017-05-09 14:45:19	2017-05-09 14:45:19	43	3169
c728d00a-26bc-11e7-a9c3-b4ae2be8fb91	1	78	27	20	2017-04-21 11:03:23	2017-04-21 11:03:23	30	2962
ca4e50d4-35cb-11e7-bf1d-b4ae2be8fb91	1	76	5	20	2017-05-10 14:58:28	2017-05-10 14:58:28	43	3133
cb5ec46c-3757-11e7-83d9-b4ae2be8fb91	1	76	38	16	2017-05-12 14:13:12	2017-05-12 14:13:12	43	3131
cec0beaa-26b6-11e7-a280-b4ae2be8fb91	1	78	22	20	2017-04-21 10:20:37	2017-04-21 10:20:37	30	2968
cec74dda-22e0-11e7-b36b-d8cb8abce51b	1	74	0	0	2017-04-16 13:11:06	2017-04-16 13:11:06	27	2629
d06968b4-36ac-11e7-b2f7-b4ae2be8fb91	1	76	20	20	2017-05-11 17:49:14	2017-05-11 17:49:14	43	3154
d137fd98-26b5-11e7-b50a-b4ae2be8fb91	1	78	21	20	2017-04-21 10:13:33	2017-04-21 10:13:33	30	2820
d6a9ab70-8dc9-11e7-b6fc-1c666d92d202	1	111	3	17	2017-08-30 14:26:56	2017-08-30 14:26:56	27	3065
d99ee860-c4ae-11e7-b792-1c666d92d202	1	119	7	60	2017-11-08 10:01:48	2017-11-08 10:01:48	43	3767
da513906-3774-11e7-858d-b4ae2be8fb91	1	76	43	1	2017-05-12 17:41:28	2017-05-12 17:41:28	43	3169
da544542-26b7-11e7-abff-b4ae2be8fb91	1	78	23	20	2017-04-21 10:28:07	2017-04-21 10:28:07	30	2967
dd1bf9c6-c33a-11e7-b274-1c666d92d202	1	118	0	50	2017-11-06 13:39:02	2017-11-06 13:39:02	43	3720
df5f3540-36b8-11e7-82e9-b4ae2be8fb91	1	76	25	20	2017-05-11 19:15:44	2017-05-11 19:15:44	43	3123
e2394bcc-2608-11e7-8fee-b4ae2be8fb91	1	78	9	20	2017-04-20 13:35:35	2017-04-20 13:35:35	30	2829
e3a07cc4-3742-11e7-961a-b4ae2be8fb91	1	76	30	15	2017-05-12 11:44:09	2017-05-12 11:44:09	43	3113
e52070a4-2621-11e7-b2a1-b4ae2be8fb91	1	78	17	20	2017-04-20 16:34:36	2017-04-20 16:34:36	30	2824
e7960000-36bc-11e7-9513-b4ae2be8fb91	1	76	26	20	2017-05-11 19:44:24	2017-05-11 19:44:24	43	3122
e9282f38-3699-11e7-b496-b4ae2be8fb91	1	76	14	21	2017-05-11 15:33:57	2017-05-11 15:33:57	43	3120
edb48ad2-c3ee-11e7-8dd3-1c666d92d202	1	119	0	60	2017-11-07 11:07:47	2017-11-07 11:07:47	43	3726
f1ee76e0-35c7-11e7-9e4c-b4ae2be8fb91	1	76	3	20	2017-05-10 14:31:18	2017-05-10 14:31:18	43	3131
f639c2b4-c351-11e7-a0f4-1c666d92d202	1	118	8	50	2017-11-06 16:24:19	2017-11-06 16:24:19	43	3711
f6517756-c414-11e7-84e6-1c666d92d202	1	119	3	60	2017-11-07 15:40:25	2017-11-07 15:40:25	43	3771
f7c9a782-c411-11e7-a01e-1c666d92d202	1	119	1	70	2017-11-07 15:18:38	2017-11-07 15:18:38	43	3773
f89ff602-36c7-11e7-8cdc-b4ae2be8fb91	1	76	29	4	2017-05-11 21:03:53	2017-05-11 21:03:53	43	3112
\.

/*
Table structure for table 'public.ribbonstatuses'
*/

DROP TABLE IF EXISTS "public"."ribbonstatuses" CASCADE;
CREATE TABLE "public"."ribbonstatuses" (
	"id" SERIAL NOT NULL,
	"status" VARCHAR(255)  NOT NULL,
	"note" TEXT
) WITH OIDS;
DROP INDEX IF EXISTS "PRIMARY";
ALTER TABLE "public"."ribbonstatuses" ADD CONSTRAINT "PRIMARY" PRIMARY KEY("id");

/*
Dumping data for table 'public.ribbonstatuses'
*/

COPY "public"."ribbonstatuses"("id","status","note") FROM stdin;
1	Fresh Cut	\N
2	In Hood	\N
3	Array made	\N
4	IHC round 1	\N
5	Imaging round 1	\N
6	IHC round 2	\N
7	Imaging round 2	\N
8	IHC round 3	\N
9	Imaging round 3	\N
\.

/*
Table structure for table 'public.sensordata'
*/

DROP TABLE IF EXISTS "public"."sensordata" CASCADE;
CREATE TABLE "public"."sensordata" (
	"sensor_id" INTEGER,
	"data1" DOUBLE PRECISION,
	"data2" DOUBLE PRECISION,
	"date_time" TIMESTAMP DEFAULT CURRENT_TIMESTAMP
) WITH OIDS;

/*
Dumping data for table 'public.sensordata'
*/

COPY "public"."sensordata"("sensor_id","data1","data2","date_time") FROM stdin;
2	2.3399999999999999e+001	5.1899999999999999e+001	2017-08-30 15:45:03
3	2.3699999999999999e+001	5.3899999999999999e+001	2017-08-30 15:45:03
2	2.3399999999999999e+001	3.7299999999999997e+001	2017-11-10 15:34:41
3	2.3500000000000000e+001	4.0000000000000000e+001	2017-11-10 15:34:41
\.

/*
Table structure for table 'public.settings'
*/

DROP TABLE IF EXISTS "public"."settings" CASCADE;
CREATE TABLE "public"."settings" (
	"id" SERIAL NOT NULL,
	"label_printer_command" TEXT
) WITH OIDS;
DROP INDEX IF EXISTS "PRIMARY";
ALTER TABLE "public"."settings" ADD CONSTRAINT "PRIMARY" PRIMARY KEY("id");

/*
Dumping data for table 'public.settings'
*/

COPY "public"."settings"("id","label_printer_command") FROM stdin;
1	#FOR COVERSLIPS with LG CENTERED BARCODE\n\nSIZE 0.6875, 0.25\n#GAP 3 mm,0.5 mm\nDIRECTION 1,0\nSHIFT -25\nCLS\nTEXT 125,20,"1",0,1,1,1,"content"\nDMATRIX 60,0,100,100,x5,"content"\nPRINT 1,copies
2	#FOR OLD LARGE LABELS\n\nSIZE 0.965, 0.2874\nGAP 3 mm,0.5 mm\nDIRECTION 1,0\nSHIFT -20\nCLS\nTEXT 200,35,"1",0,1,1,1,"content"\nDMATRIX 110,20,150,150,x5,"content"\nPRINT 1,copies\n
3	#FOR FRAME TOPS\n\nSIZE 0.6875, 0.25\nGAP 3 mm,0.5 mm\nDIRECTION 1,0\nSHIFT -21\nCLS\nTEXT 10, 0,"1",0,1,1,1,"6/19/17"\nTEXT 10,20,"1",0,1,1,1,"H17.03.008"\nTEXT 10,40,"1",0,1,1,1,"uninfect day3"\nTEXT 170, 20,"3", 0,1,1,1,"R5"\nPRINT 1,copies
4	#FOR BLOCKS\n\nSIZE 0.6875, 0.25\nGAP 3 mm,0.5 mm\nDIRECTION 1,0\nSHIFT -21\nCLS\nTEXT 10, 0,"1",0,1,1,1,"6/19/17"\nTEXT 10,20,"1",0,1,1,1,"H17.03.008"\nTEXT 10,40,"1",0,1,1,1,"uninfect day3"\nPRINT 1,copies
5	#FOR NEW SMALL LABELS\n#FOR COVERSLIPS\n\nSIZE 0.6875, 0.25\nGAP 3 mm,0.5 mm\nDIRECTION 1,0\nSHIFT -21\nCLS\nTEXT 80,35,"1",0,1,1,1,"content"\nDMATRIX 20,3,150,150,x4,"content"\nPRINT 1,copies
6	drwefe
\.

/*
Table structure for table 'public.silanizedcsbatches'
*/

DROP TABLE IF EXISTS "public"."silanizedcsbatches" CASCADE;
CREATE TABLE "public"."silanizedcsbatches" (
	"id" SERIAL NOT NULL,
	"date_created" TIMESTAMP DEFAULT CURRENT_TIMESTAMP NOT NULL,
	"count" INTEGER,
	"user" INTEGER NOT NULL
) WITH OIDS;
DROP INDEX IF EXISTS "PRIMARY";
ALTER TABLE "public"."silanizedcsbatches" ADD CONSTRAINT "PRIMARY" PRIMARY KEY("id");

/*
Dumping data for table 'public.silanizedcsbatches'
*/


/*
Table structure for table 'public.slices'
*/

DROP TABLE IF EXISTS "public"."slices" CASCADE;
CREATE TABLE "public"."slices" (
	"id" SERIAL NOT NULL,
	"specimen_id" INTEGER NOT NULL,
	"entered_by" INTEGER NOT NULL,
	"virus" VARCHAR(255)  DEFAULT '"N/A"',
	"virus_dilution" VARCHAR(16)  DEFAULT '0',
	"brain_region_dissection" VARCHAR(255)  DEFAULT '"N/A"',
	"culture_time" INTEGER DEFAULT 1,
	"preprocess_treatment_protocol" SMALLINT DEFAULT 0,
	"fixative_protocol" SMALLINT DEFAULT 0,
	"fixation_protocol" SMALLINT DEFAULT 0,
	"postfix_protocol" SMALLINT DEFAULT 0
) WITH OIDS;
DROP INDEX IF EXISTS "PRIMARY";
ALTER TABLE "public"."slices" ADD CONSTRAINT "PRIMARY" PRIMARY KEY("id");
DROP INDEX IF EXISTS "case_id";
CREATE INDEX "case_id" ON "public"."slices"("specimen_id");
DROP INDEX IF EXISTS "culture_time";
CREATE INDEX "culture_time" ON "public"."slices"("culture_time");
DROP INDEX IF EXISTS "entered_by";
CREATE INDEX "entered_by" ON "public"."slices"("entered_by");
DROP INDEX IF EXISTS "preprocess_treatment_protocol";
CREATE INDEX "preprocess_treatment_protocol" ON "public"."slices"("preprocess_treatment_protocol");
DROP INDEX IF EXISTS "fixative_protocol";
CREATE INDEX "fixative_protocol" ON "public"."slices"("fixative_protocol");
DROP INDEX IF EXISTS "fixation_protocol";
CREATE INDEX "fixation_protocol" ON "public"."slices"("fixation_protocol");
DROP INDEX IF EXISTS "postfix_protocol";
CREATE INDEX "postfix_protocol" ON "public"."slices"("postfix_protocol");

/*
Dumping data for table 'public.slices'
*/

COPY "public"."slices"("id","specimen_id","entered_by","virus","virus_dilution","brain_region_dissection","culture_time","preprocess_treatment_protocol","fixative_protocol","fixation_protocol","postfix_protocol") FROM stdin;
0	0	27	"N/A"	0	"N/A"	1	0	0	0	0
920	4	30	HSV123	0	\N	1	0	0	0	0
921	1	42	uninfected	0	mtl	5	0	0	0	0
922	1	42	uninfected	0	mtl	3	0	0	0	0
923	4	27	HSV_hSyn1_EYFP	0	\N	1	0	0	0	0
924	2	30	\N	0	\N	1	0	0	0	0
926	1	42	uninfected	0	medial temporal lobe	2	0	0	0	0
927	7	27	\N	0	\N	1	\N	0	0	0
934	14	27	"N/A"	45	"N/A"	1	0	0	0	0
936	14	27	"N/A"	12:23	"N/A"	1	0	0	0	0
937	4	43	HSV-hSyn1-EYFP	110	v1	5	0	2	1	7
938	14	27	"N/A"	0	"N/A"	1	0	0	0	0
939	16	43	Cux2-CreERT2;Ai140	0	V1  -- not actually V1; still learning dissection!	1	0	4	3	0
940	17	43	Sst-Crew;Ai140	N/A	V1	1	0	2	3	0
941	16	30	n/a	n/a	V1	1	0	4	3	0
942	16	30	n/a	n/a	V1	1	0	4	3	0
943	16	30	N/A	N/A	V1	1	0	4	3	0
944	16	30	N/A	N/A	V1	1	0	4	3	0
945	17	30	N/A	N/A	V1	1	0	4	3	0
946	14	27	"N/A"	0	"N/A"	1	0	0	0	0
947	18	30	n/a	n/a	V1	1	0	4	2	10
948	20	43	GFP	0	V1	1	0	2	2	3
949	20	43	GFP	0	V1	1	0	3	2	3
950	20	43	GFP	0	V1	1	0	2	2	3
\.

/*
Table structure for table 'public.species'
*/

DROP TABLE IF EXISTS "public"."species" CASCADE;
CREATE TABLE "public"."species" (
	"id" SMALLINT NOT NULL,
	"name" VARCHAR(255)  NOT NULL
) WITH OIDS;
DROP INDEX IF EXISTS "PRIMARY";
ALTER TABLE "public"."species" ADD CONSTRAINT "PRIMARY" PRIMARY KEY("id");

/*
Dumping data for table 'public.species'
*/

COPY "public"."species"("id","name") FROM stdin;
1	None
2	Mouse
3	Human
\.

/*
Table structure for table 'public.specimen'
*/

DROP TABLE IF EXISTS "public"."specimen" CASCADE;
CREATE TABLE "public"."specimen" (
	"id" SERIAL NOT NULL,
	"animal_id" VARCHAR(64)  NOT NULL,
	"intake_date" TIMESTAMP,
	"specie" SMALLINT NOT NULL,
	"entered_by" INTEGER NOT NULL,
	"summary" VARCHAR(256) ,
	"lims_ID" INTEGER
) WITH OIDS;
DROP INDEX IF EXISTS "PRIMARY";
ALTER TABLE "public"."specimen" ADD CONSTRAINT "PRIMARY" PRIMARY KEY("id");
DROP INDEX IF EXISTS "specie";
CREATE INDEX "specie" ON "public"."specimen"("specie");
DROP INDEX IF EXISTS "entered_by";
CREATE INDEX "entered_by" ON "public"."specimen"("entered_by");

/*
Dumping data for table 'public.specimen'
*/

COPY "public"."specimen"("id","animal_id","intake_date","specie","entered_by","summary","lims_ID") FROM stdin;
0	NONE	2017-10-23 16:00:03	2	27	TEST	\N
1	H17.03.008	2017-06-13	3	42	\N	\N
2	H17.06.005	2017-02-27	3	43	Test	\N
3	H17.03.006	2017-01-12	3	43	\N	\N
4	H17.03.003	2017-03-23	3	30	\N	\N
5	M320807	2017-06-20	2	43	\N	\N
7	42	2017-07-26	1	27	\N	\N
14	TEST-XX	2017-07-27	3	27	Testing ...	\N
16	M274273	2017-07-28	2	43	Cux2CreERT2;Ai140\n\nDeath Date: 11/17/16\nSolution: 1xPBS & Azide\nPID: CTY-0369\nWork Flow: HG	\N
17	M281993	2017-07-28	2	43	SstCre;Ai140\nWork Flow HG-340\nPID:CTY-9999\nSolution: 1xPBS + Azide\nDeath Date:11/30/2016	\N
18	SC_MT22_	2017-09-15	2	30	Santa Cruz - Totte test block	\N
19	XXXX-XX	2017-11-06	3	43	\N	\N
20	M335503	2017-11-06	2	43	Ali mouse 503	\N
\.

/*
Table structure for table 'public.substitutionprotocols'
*/

DROP TABLE IF EXISTS "public"."substitutionprotocols" CASCADE;
CREATE TABLE "public"."substitutionprotocols" (
	"id" SERIAL NOT NULL,
	"protocol" VARCHAR(255) ,
	"document_id" INTEGER
) WITH OIDS;
DROP INDEX IF EXISTS "PRIMARY";
ALTER TABLE "public"."substitutionprotocols" ADD CONSTRAINT "PRIMARY" PRIMARY KEY("id");
DROP INDEX IF EXISTS "substitution_ibfk_1";
CREATE INDEX "substitution_ibfk_1" ON "public"."substitutionprotocols"("document_id");

/*
Dumping data for table 'public.substitutionprotocols'
*/

COPY "public"."substitutionprotocols"("id","protocol","document_id") FROM stdin;
0	N/A	\N
1	Acetone AFS 3 days	\N
2	acetone quick freeze sub	\N
3	1.5% UA in acetone AFS 3 days	\N
4	1.5% UA in acetone quick freeze sub	\N
5	3% UA in acetone ambient	\N
6	1.5% UA in EtOH ambient	\N
7	3% UA in EtOH ambient	\N
8	EtOHl (no UA) ambient	\N
\.

/*
Table structure for table 'public.users'
*/

DROP TABLE IF EXISTS "public"."users" CASCADE;
CREATE TABLE "public"."users" (
	"id" SERIAL NOT NULL,
	"user_name" VARCHAR(255)  NOT NULL,
	"created" TIMESTAMP DEFAULT CURRENT_TIMESTAMP NOT NULL
) WITH OIDS;
DROP INDEX IF EXISTS "PRIMARY";
ALTER TABLE "public"."users" ADD CONSTRAINT "PRIMARY" PRIMARY KEY("id");
DROP INDEX IF EXISTS "user_name";
CREATE UNIQUE INDEX "user_name" ON "public"."users"("user_name");

/*
Dumping data for table 'public.users'
*/

COPY "public"."users"("id","user_name","created") FROM stdin;
27	Totte	2016-10-07 09:00:08
30	Sarah	2016-10-10 14:32:46
40	Olga	2016-12-12 13:14:46
41	Leila	2017-03-24 10:04:08
42	Michelle	2017-03-31 16:03:54
43	Jenna	2017-04-17 09:32:26
\.

/*
Create foreign key constraints
*/

ALTER TABLE "block_note" ADD CONSTRAINT "block_note_ibfk_1" FOREIGN KEY("block_id") REFERENCES "blocks"("id") ON DELETE CASCADE ON UPDATE CASCADE;;
ALTER TABLE "block_note" ADD CONSTRAINT "block_note_ibfk_3" FOREIGN KEY("note_id") REFERENCES "notes"("id") ON DELETE CASCADE ON UPDATE CASCADE;;
ALTER TABLE "blocks" ADD CONSTRAINT "blocks_ibfk_1" FOREIGN KEY("entered_by") REFERENCES "users"("id") ON DELETE CASCADE ON UPDATE NO ACTION;;
ALTER TABLE "blocks" ADD CONSTRAINT "blocks_ibfk_10" FOREIGN KEY("freezing_protocol") REFERENCES "freezeprotocols"("id") ON DELETE CASCADE ON UPDATE CASCADE;;
ALTER TABLE "blocks" ADD CONSTRAINT "blocks_ibfk_11" FOREIGN KEY("infiltration_protocol") REFERENCES "infiltrationprotocols"("id") ON DELETE CASCADE ON UPDATE CASCADE;;
ALTER TABLE "blocks" ADD CONSTRAINT "blocks_ibfk_12" FOREIGN KEY("substitution_protocol") REFERENCES "substitutionprotocols"("id") ON DELETE CASCADE ON UPDATE CASCADE;;
ALTER TABLE "blocks" ADD CONSTRAINT "blocks_ibfk_2" FOREIGN KEY("slice_id") REFERENCES "slices"("id") ON DELETE NO ACTION ON UPDATE NO ACTION;;
ALTER TABLE "blocks" ADD CONSTRAINT "blocks_ibfk_3" FOREIGN KEY("status") REFERENCES "blockstatuses"("id") ON DELETE CASCADE ON UPDATE CASCADE;;
ALTER TABLE "blocks" ADD CONSTRAINT "blocks_ibfk_8" FOREIGN KEY("cryoprotection_protocol") REFERENCES "cryoprotectionprotocols"("id") ON DELETE CASCADE ON UPDATE CASCADE;;
ALTER TABLE "blocks" ADD CONSTRAINT "blocks_ibfk_9" FOREIGN KEY("embedding_protocol") REFERENCES "embeddingprotocols"("id") ON DELETE CASCADE ON UPDATE CASCADE;;
ALTER TABLE "cleancsbatches" ADD CONSTRAINT "cleancsbatches_ibfk_1" FOREIGN KEY("user") REFERENCES "users"("id") ON DELETE CASCADE ON UPDATE CASCADE;;
ALTER TABLE "coverslips" ADD CONSTRAINT "coverslips_ibfk_1" FOREIGN KEY("status") REFERENCES "coverslipstatuses"("id") ON DELETE CASCADE ON UPDATE CASCADE;;
ALTER TABLE "coverslips" ADD CONSTRAINT "coverslips_ibfk_2" FOREIGN KEY("type") REFERENCES "coversliptypes"("id") ON DELETE CASCADE ON UPDATE CASCADE;;
ALTER TABLE "coverslips" ADD CONSTRAINT "coverslips_ibfk_3" FOREIGN KEY("freshCSBatch") REFERENCES "freshcsbatches"("id") ON DELETE CASCADE ON UPDATE CASCADE;;
ALTER TABLE "coverslips" ADD CONSTRAINT "coverslips_ibfk_4" FOREIGN KEY("cleanCSBatch") REFERENCES "cleancsbatches"("id") ON DELETE CASCADE ON UPDATE CASCADE;;
ALTER TABLE "coverslips" ADD CONSTRAINT "coverslips_ibfk_5" FOREIGN KEY("carboncoatbatch") REFERENCES "carboncoatedcsbatches"("id") ON DELETE CASCADE ON UPDATE CASCADE;;
ALTER TABLE "cryoprotectionprotocols" ADD CONSTRAINT "cryoprotectionprotocols_ibfk_1" FOREIGN KEY("document_id") REFERENCES "documents"("id") ON DELETE CASCADE ON UPDATE CASCADE;;
ALTER TABLE "embeddingprotocols" ADD CONSTRAINT "embeddingprotocols_ibfk_1" FOREIGN KEY("document_id") REFERENCES "documents"("id") ON DELETE CASCADE ON UPDATE CASCADE;;
ALTER TABLE "fixationprotocols" ADD CONSTRAINT "fixationprotocols_ibfk_1" FOREIGN KEY("document_id") REFERENCES "documents"("id") ON DELETE CASCADE ON UPDATE CASCADE;;
ALTER TABLE "fixativeprotocols" ADD CONSTRAINT "fixativeprotocols_ibfk_1" FOREIGN KEY("document_id") REFERENCES "documents"("id") ON DELETE CASCADE ON UPDATE CASCADE;;
ALTER TABLE "freezeprotocols" ADD CONSTRAINT "freezeprotocols_ibfk_1" FOREIGN KEY("document_id") REFERENCES "documents"("id") ON DELETE CASCADE ON UPDATE CASCADE;;
ALTER TABLE "freshcsbatches" ADD CONSTRAINT "freshcsbatches_ibfk_1" FOREIGN KEY("type") REFERENCES "coversliptypes"("id") ON DELETE CASCADE ON UPDATE CASCADE;;
ALTER TABLE "images" ADD CONSTRAINT "images_ibfk_1" FOREIGN KEY("created_by") REFERENCES "users"("id") ON DELETE CASCADE ON UPDATE CASCADE;;
ALTER TABLE "infiltrationprotocols" ADD CONSTRAINT "infiltrationprotocols_ibfk_1" FOREIGN KEY("document_id") REFERENCES "documents"("id") ON DELETE CASCADE ON UPDATE CASCADE;;
ALTER TABLE "postfixprotocols" ADD CONSTRAINT "postfixprotocols_ibfk_1" FOREIGN KEY("document_id") REFERENCES "documents"("id") ON DELETE CASCADE ON UPDATE CASCADE;;
ALTER TABLE "preprocesstreatmentprotocols" ADD CONSTRAINT "preprocesstreatmentprotocols_ibfk_1" FOREIGN KEY("document_id") REFERENCES "documents"("id") ON DELETE CASCADE ON UPDATE CASCADE;;
ALTER TABLE "ribbon_note" ADD CONSTRAINT "ribbon_note_ibfk_1" FOREIGN KEY("ribbon_id") REFERENCES "ribbons"("id") ON DELETE CASCADE ON UPDATE CASCADE;;
ALTER TABLE "ribbon_note" ADD CONSTRAINT "ribbon_note_ibfk_2" FOREIGN KEY("note_id") REFERENCES "notes"("id") ON DELETE CASCADE ON UPDATE CASCADE;;
ALTER TABLE "ribbons" ADD CONSTRAINT "ribbons_ibfk_1" FOREIGN KEY("block_id") REFERENCES "blocks"("id") ON DELETE CASCADE ON UPDATE NO ACTION;;
ALTER TABLE "ribbons" ADD CONSTRAINT "ribbons_ibfk_2" FOREIGN KEY("created_by") REFERENCES "users"("id") ON DELETE CASCADE ON UPDATE CASCADE;;
ALTER TABLE "ribbons" ADD CONSTRAINT "ribbons_ibfk_3" FOREIGN KEY("coverslip_id") REFERENCES "coverslips"("id") ON DELETE CASCADE ON UPDATE CASCADE;;
ALTER TABLE "ribbons" ADD CONSTRAINT "ribbons_ibfk_4" FOREIGN KEY("status") REFERENCES "ribbonstatuses"("id") ON DELETE CASCADE ON UPDATE CASCADE;;
ALTER TABLE "slices" ADD CONSTRAINT "slices_ibfk_11" FOREIGN KEY("specimen_id") REFERENCES "specimen"("id") ON DELETE CASCADE ON UPDATE CASCADE;;
ALTER TABLE "slices" ADD CONSTRAINT "slices_ibfk_12" FOREIGN KEY("culture_time") REFERENCES "cultured_time_point"("id") ON DELETE CASCADE ON UPDATE CASCADE;;
ALTER TABLE "slices" ADD CONSTRAINT "slices_ibfk_13" FOREIGN KEY("entered_by") REFERENCES "users"("id") ON DELETE CASCADE ON UPDATE CASCADE;;
ALTER TABLE "slices" ADD CONSTRAINT "slices_ibfk_14" FOREIGN KEY("preprocess_treatment_protocol") REFERENCES "preprocesstreatmentprotocols"("id") ON DELETE CASCADE ON UPDATE CASCADE;;
ALTER TABLE "slices" ADD CONSTRAINT "slices_ibfk_15" FOREIGN KEY("fixative_protocol") REFERENCES "fixativeprotocols"("id") ON DELETE CASCADE ON UPDATE CASCADE;;
ALTER TABLE "slices" ADD CONSTRAINT "slices_ibfk_16" FOREIGN KEY("fixation_protocol") REFERENCES "fixationprotocols"("id") ON DELETE CASCADE ON UPDATE CASCADE;;
ALTER TABLE "slices" ADD CONSTRAINT "slices_ibfk_17" FOREIGN KEY("postfix_protocol") REFERENCES "postfixprotocols"("id") ON DELETE CASCADE ON UPDATE CASCADE;;
ALTER TABLE "specimen" ADD CONSTRAINT "specimen_ibfk_1" FOREIGN KEY("specie") REFERENCES "species"("id") ON DELETE CASCADE ON UPDATE CASCADE;;
ALTER TABLE "specimen" ADD CONSTRAINT "specimen_ibfk_2" FOREIGN KEY("entered_by") REFERENCES "users"("id") ON DELETE CASCADE ON UPDATE CASCADE;;
ALTER TABLE "substitutionprotocols" ADD CONSTRAINT "substitutionprotocols_ibfk_1" FOREIGN KEY("document_id") REFERENCES "documents"("id") ON DELETE CASCADE ON UPDATE CASCADE;;
CREATE OR REPLACE FUNCTION datediff(date, date)
RETURNS int AS $$
SELECT $1 - $2
$$ LANGUAGE sql;;
CREATE OR REPLACE FUNCTION dayofmonth(date)
RETURNS int AS $$
SELECT EXTRACT(day from $1)::int
$$ LANGUAGE sql;;
CREATE OR REPLACE FUNCTION day(date)
RETURNS int AS $$
SELECT dayofmonth($1)
$$ LANGUAGE sql;;
CREATE OR REPLACE FUNCTION hour(time)
RETURNS int AS $$
SELECT EXTRACT(hour FROM $1)::int;
$$ LANGUAGE sql;;
CREATE OR REPLACE FUNCTION hour(timestamp)
RETURNS int AS $$
SELECT EXTRACT(hour FROM $1)::int;
$$ LANGUAGE sql;;
CREATE OR REPLACE FUNCTION if(boolean, text, text)
RETURNS text AS $$
SELECT CASE WHEN $1 THEN $2 ELSE $3 END
$$ LANGUAGE sql;;
CREATE OR REPLACE FUNCTION if(boolean, timestamp with time zone, timestamp with time zone)
RETURNS timestamp with time zone AS $$
SELECT CASE WHEN $1 THEN $2 ELSE $3 END
$$ LANGUAGE sql;;
CREATE OR REPLACE FUNCTION if(boolean, int, int)
RETURNS int AS $$
SELECT CASE WHEN $1 THEN $2 ELSE $3 END
$$ LANGUAGE sql;;
CREATE OR REPLACE FUNCTION if(boolean, double precision, double precision)
RETURNS double precision AS $$
SELECT CASE WHEN $1 THEN $2 ELSE $3 END
$$ LANGUAGE sql;;
CREATE OR REPLACE FUNCTION locate(text, text)
RETURNS int AS $$
SELECT position($1 in $2)
$$ LANGUAGE sql;;
CREATE OR REPLACE FUNCTION minute(timestamp)
RETURNS int AS $$
SELECT EXTRACT(minute FROM $1)::int
$$ LANGUAGE sql;;
CREATE OR REPLACE FUNCTION month(date)
RETURNS int AS $$
SELECT EXTRACT(month FROM $1)::int
$$ LANGUAGE sql;;
CREATE OR REPLACE FUNCTION round(double precision, int)
RETURNS numeric AS $$
SELECT round($1::decimal, $2)
$$ LANGUAGE sql;;
CREATE OR REPLACE FUNCTION timediff(timestamp, timestamp)
RETURNS interval AS $$
SELECT $1 - $2
$$ LANGUAGE sql;;
CREATE OR REPLACE FUNCTION week(date)
RETURNS int AS $$
SELECT EXTRACT(week FROM $1)::int;
$$ LANGUAGE sql;;
CREATE OR REPLACE FUNCTION year(date)
RETURNS int AS $$
SELECT EXTRACT(year FROM $1)
$$ LANGUAGE sql;;
